starvation_start,starvation_end,duration,feeding_wip_before,operator_previous_task,operator_location,why_no_rack_available,last_operator_decision,decision_reason
0.0,138.333,138.333,0,start,manual_assembly,"no rack in buffer/transport: operator was assembly 120.0s, transport_travel 8.3s, transport_load 5.0s, transport_unload 5.0s",manual_assembly,WIP_BELOW_TARGET
158.333,285.0,126.667,0,assembly,manual_assembly,"no rack in buffer/transport: operator was assembly 108.3s, transport_travel 8.3s, transport_load 5.0s, transport_unload 5.0s",manual_assembly,WIP_BELOW_TARGET
349.167,560.0,210.833,0,inspection,inspection,"no rack in buffer/transport: operator was assembly 120.0s, inspection 60.0s, walking 12.5s, transport_travel 8.3s, transport_load 5.0s, transport_unload 5.0s",inspection,NO_FEEDER_WAITING
580.0,706.667,126.667,0,assembly,manual_assembly,"no rack in buffer/transport: operator was assembly 108.3s, transport_travel 8.3s, transport_load 5.0s, transport_unload 5.0s, idle 0.0s",manual_assembly,WIP_BELOW_TARGET
770.833,981.667,210.833,0,inspection,inspection,"no rack in buffer/transport: operator was assembly 120.0s, inspection 60.0s, walking 12.5s, transport_travel 8.3s, transport_load 5.0s, transport_unload 5.0s, idle 0.0s",inspection,NO_FEEDER_WAITING
1001.667,1128.333,126.667,0,assembly,manual_assembly,"no rack in buffer/transport: operator was assembly 108.3s, transport_travel 8.3s, transport_load 5.0s, transport_unload 5.0s",manual_assembly,WIP_BELOW_TARGET
1192.5,1403.333,210.833,0,inspection,inspection,"no rack in buffer/transport: operator was assembly 120.0s, inspection 60.0s, walking 12.5s, transport_travel 8.3s, transport_load 5.0s, transport_unload 5.0s",inspection,NO_FEEDER_WAITING
1423.333,1550.0,126.667,0,assembly,manual_assembly,"no rack in buffer/transport: operator was assembly 108.3s, transport_travel 8.3s, transport_load 5.0s, transport_unload 5.0s",manual_assembly,WIP_BELOW_TARGET
1614.167,1825.0,210.833,0,inspection,inspection,"no rack in buffer/transport: operator was assembly 120.0s, inspection 60.0s, walking 12.5s, transport_travel 8.3s, transport_load 5.0s, transport_unload 5.0s",inspection,NO_FEEDER_WAITING
1845.0,1971.667,126.667,0,assembly,manual_assembly,"no rack in buffer/transport: operator was assembly 108.3s, transport_travel 8.3s, transport_load 5.0s, transport_unload 5.0s, idle 0.0s",manual_assembly,WIP_BELOW_TARGET
2035.833,2246.667,210.833,0,inspection,inspection,"no rack in buffer/transport: operator was assembly 120.0s, inspection 60.0s, walking 12.5s, transport_travel 8.3s, transport_load 5.0s, transport_unload 5.0s, idle 0.0s",inspection,NO_FEEDER_WAITING
2266.667,2393.333,126.667,0,assembly,manual_assembly,"no rack in buffer/transport: operator was assembly 108.3s, transport_travel 8.3s, transport_load 5.0s, transport_unload 5.0s",manual_assembly,WIP_BELOW_TARGET
2457.5,2668.333,210.833,0,inspection,inspection,"no rack in buffer/transport: operator was assembly 120.0s, inspection 60.0s, walking 12.5s, transport_travel 8.3s, transport_load 5.0s, transport_unload 5.0s",inspection,NO_FEEDER_WAITING
2688.333,2815.0,126.667,0,assembly,manual_assembly,"no rack in buffer/transport: operator was assembly 108.3s, transport_travel 8.3s, transport_load 5.0s, transport_unload 5.0s",manual_assembly,WIP_BELOW_TARGET
2879.167,3090.0,210.833,0,inspection,inspection,"no rack in buffer/transport: operator was assembly 120.0s, inspection 60.0s, walking 12.5s, transport_travel 8.3s, transport_load 5.0s, transport_unload 5.0s",inspection,NO_FEEDER_WAITING
3110.0,3236.667,126.667,0,assembly,manual_assembly,"no rack in buffer/transport: operator was assembly 108.3s, transport_travel 8.3s, transport_load 5.0s, transport_unload 5.0s, idle 0.0s",manual_assembly,WIP_BELOW_TARGET
3300.833,3511.667,210.833,0,inspection,inspection,"no rack in buffer/transport: operator was assembly 120.0s, inspection 60.0s, walking 12.5s, transport_travel 8.3s, transport_load 5.0s, transport_unload 5.0s, idle 0.0s",inspection,NO_FEEDER_WAITING
3531.667,3658.333,126.667,0,assembly,manual_assembly,"no rack in buffer/transport: operator was assembly 108.3s, transport_travel 8.3s, transport_load 5.0s, transport_unload 5.0s",manual_assembly,WIP_BELOW_TARGET
3722.5,3933.333,210.833,0,inspection,inspection,"no rack in buffer/transport: operator was assembly 120.0s, inspection 60.0s, walking 12.5s, transport_travel 8.3s, transport_load 5.0s, transport_unload 5.0s",inspection,NO_FEEDER_WAITING
3953.333,4080.0,126.667,0,assembly,manual_assembly,"no rack in buffer/transport: operator was assembly 108.3s, transport_travel 8.3s, transport_load 5.0s, transport_unload 5.0s",manual_assembly,WIP_BELOW_TARGET
4144.167,4355.0,210.833,0,inspection,inspection,"no rack in buffer/transport: operator was assembly 120.0s, inspection 60.0s, walking 12.5s, transport_travel 8.3s, transport_load 5.0s, transport_unload 5.0s",inspection,NO_FEEDER_WAITING
4375.0,4501.667,126.667,0,assembly,manual_assembly,"no rack in buffer/transport: operator was assembly 108.3s, transport_travel 8.3s, transport_load 5.0s, transport_unload 5.0s, idle 0.0s",manual_assembly,WIP_BELOW_TARGET
4565.833,4776.667,210.833,0,inspection,inspection,"no rack in buffer/transport: operator was assembly 120.0s, inspection 60.0s, walking 12.5s, transport_travel 8.3s, transport_load 5.0s, transport_unload 5.0s, idle 0.0s",inspection,NO_FEEDER_WAITING
4796.667,4923.333,126.667,0,assembly,manual_assembly,"no rack in buffer/transport: operator was assembly 108.3s, transport_travel 8.3s, transport_load 5.0s, transport_unload 5.0s",manual_assembly,WIP_BELOW_TARGET
4987.5,5198.333,210.833,0,inspection,inspection,"no rack in buffer/transport: operator was assembly 120.0s, inspection 60.0s, walking 12.5s, transport_travel 8.3s, transport_load 5.0s, transport_unload 5.0s",inspection,NO_FEEDER_WAITING
5218.333,5345.0,126.667,0,assembly,manual_assembly,"no rack in buffer/transport: operator was assembly 108.3s, transport_travel 8.3s, transport_load 5.0s, transport_unload 5.0s",manual_assembly,WIP_BELOW_TARGET
5409.167,5620.0,210.833,0,inspection,inspection,"no rack in buffer/transport: operator was assembly 120.0s, inspection 60.0s, walking 12.5s, transport_travel 8.3s, transport_load 5.0s, transport_unload 5.0s",inspection,NO_FEEDER_WAITING
5640.0,5766.667,126.667,0,assembly,manual_assembly,"no rack in buffer/transport: operator was assembly 108.3s, transport_travel 8.3s, transport_load 5.0s, transport_unload 5.0s, idle 0.0s",manual_assembly,WIP_BELOW_TARGET
5830.833,6041.667,210.833,0,inspection,inspection,"no rack in buffer/transport: operator was assembly 120.0s, inspection 60.0s, walking 12.5s, transport_travel 8.3s, transport_load 5.0s, transport_unload 5.0s, idle 0.0s",inspection,NO_FEEDER_WAITING
6061.667,6188.333,126.667,0,assembly,manual_assembly,"no rack in buffer/transport: operator was assembly 108.3s, transport_travel 8.3s, transport_load 5.0s, transport_unload 5.0s",manual_assembly,WIP_BELOW_TARGET
6252.5,6463.333,210.833,0,inspection,inspection,"no rack in buffer/transport: operator was assembly 120.0s, inspection 60.0s, walking 12.5s, transport_travel 8.3s, transport_load 5.0s, transport_unload 5.0s",inspection,NO_FEEDER_WAITING
6483.333,6610.0,126.667,0,assembly,manual_assembly,"no rack in buffer/transport: operator was assembly 108.3s, transport_travel 8.3s, transport_load 5.0s, transport_unload 5.0s",manual_assembly,WIP_BELOW_TARGET
6674.167,6885.0,210.833,0,inspection,inspection,"no rack in buffer/transport: operator was assembly 120.0s, inspection 60.0s, walking 12.5s, transport_travel 8.3s, transport_load 5.0s, transport_unload 5.0s",inspection,NO_FEEDER_WAITING
6905.0,7031.667,126.667,0,assembly,manual_assembly,"no rack in buffer/transport: operator was assembly 108.3s, transport_travel 8.3s, transport_load 5.0s, transport_unload 5.0s, idle 0.0s",manual_assembly,WIP_BELOW_TARGET
7095.833,7306.667,210.833,0,inspection,inspection,"no rack in buffer/transport: operator was assembly 120.0s, inspection 60.0s, walking 12.5s, transport_travel 8.3s, transport_load 5.0s, transport_unload 5.0s, idle 0.0s",inspection,NO_FEEDER_WAITING
7326.667,7453.333,126.667,0,assembly,manual_assembly,"no rack in buffer/transport: operator was assembly 108.3s, transport_travel 8.3s, transport_load 5.0s, transport_unload 5.0s",manual_assembly,WIP_BELOW_TARGET
7517.5,7728.333,210.833,0,inspection,inspection,"no rack in buffer/transport: operator was assembly 120.0s, inspection 60.0s, walking 12.5s, transport_travel 8.3s, transport_load 5.0s, transport_unload 5.0s",inspection,NO_FEEDER_WAITING
7748.333,7875.0,126.667,0,assembly,manual_assembly,"no rack in buffer/transport: operator was assembly 108.3s, transport_travel 8.3s, transport_load 5.0s, transport_unload 5.0s",manual_assembly,WIP_BELOW_TARGET
7939.167,8150.0,210.833,0,inspection,inspection,"no rack in buffer/transport: operator was assembly 120.0s, inspection 60.0s, walking 12.5s, transport_travel 8.3s, transport_load 5.0s, transport_unload 5.0s",inspection,NO_FEEDER_WAITING
8170.0,8296.667,126.667,0,assembly,manual_assembly,"no rack in buffer/transport: operator was assembly 108.3s, transport_travel 8.3s, transport_load 5.0s, transport_unload 5.0s, idle 0.0s",manual_assembly,WIP_BELOW_TARGET
8360.833,8571.667,210.833,0,inspection,inspection,"no rack in buffer/transport: operator was assembly 120.0s, inspection 60.0s, walking 12.5s, transport_travel 8.3s, transport_load 5.0s, transport_unload 5.0s, idle 0.0s",inspection,NO_FEEDER_WAITING
8591.667,8718.333,126.667,0,assembly,manual_assembly,"no rack in buffer/transport: operator was assembly 108.3s, transport_travel 8.3s, transport_load 5.0s, transport_unload 5.0s",manual_assembly,WIP_BELOW_TARGET
8782.5,8993.333,210.833,0,inspection,inspection,"no rack in buffer/transport: operator was assembly 120.0s, inspection 60.0s, walking 12.5s, transport_travel 8.3s, transport_load 5.0s, transport_unload 5.0s",inspection,NO_FEEDER_WAITING
9013.333,9140.0,126.667,0,assembly,manual_assembly,"no rack in buffer/transport: operator was assembly 108.3s, transport_travel 8.3s, transport_load 5.0s, transport_unload 5.0s",manual_assembly,WIP_BELOW_TARGET
9204.167,9415.0,210.833,0,inspection,inspection,"no rack in buffer/transport: operator was assembly 120.0s, inspection 60.0s, walking 12.5s, transport_travel 8.3s, transport_load 5.0s, transport_unload 5.0s",inspection,NO_FEEDER_WAITING
9435.0,9561.667,126.667,0,assembly,manual_assembly,"no rack in buffer/transport: operator was assembly 108.3s, transport_travel 8.3s, transport_load 5.0s, transport_unload 5.0s, idle 0.0s",manual_assembly,WIP_BELOW_TARGET
9625.833,9836.667,210.833,0,inspection,inspection,"no rack in buffer/transport: operator was assembly 120.0s, inspection 60.0s, walking 12.5s, transport_travel 8.3s, transport_load 5.0s, transport_unload 5.0s, idle 0.0s",inspection,NO_FEEDER_WAITING
9856.667,9983.333,126.667,0,assembly,manual_assembly,"no rack in buffer/transport: operator was assembly 108.3s, transport_travel 8.3s, transport_load 5.0s, transport_unload 5.0s",manual_assembly,WIP_BELOW_TARGET
10047.5,10258.333,210.833,0,inspection,inspection,"no rack in buffer/transport: operator was assembly 120.0s, inspection 60.0s, walking 12.5s, transport_travel 8.3s, transport_load 5.0s, transport_unload 5.0s",inspection,NO_FEEDER_WAITING
10278.333,10405.0,126.667,0,assembly,manual_assembly,"no rack in buffer/transport: operator was assembly 108.3s, transport_travel 8.3s, transport_load 5.0s, transport_unload 5.0s",manual_assembly,WIP_BELOW_TARGET
10469.167,10680.0,210.833,0,inspection,inspection,"no rack in buffer/transport: operator was assembly 120.0s, inspection 60.0s, walking 12.5s, transport_travel 8.3s, transport_load 5.0s, transport_unload 5.0s",inspection,NO_FEEDER_WAITING
10700.0,10826.667,126.667,0,assembly,manual_assembly,"no rack in buffer/transport: operator was assembly 108.3s, transport_travel 8.3s, transport_load 5.0s, transport_unload 5.0s, idle 0.0s",manual_assembly,WIP_BELOW_TARGET
10890.833,11101.667,210.833,0,inspection,inspection,"no rack in buffer/transport: operator was assembly 120.0s, inspection 60.0s, walking 12.5s, transport_travel 8.3s, transport_load 5.0s, transport_unload 5.0s, idle 0.0s",inspection,NO_FEEDER_WAITING
11121.667,11248.333,126.667,0,assembly,manual_assembly,"no rack in buffer/transport: operator was assembly 108.3s, transport_travel 8.3s, transport_load 5.0s, transport_unload 5.0s",manual_assembly,WIP_BELOW_TARGET
11312.5,11523.333,210.833,0,inspection,inspection,"no rack in buffer/transport: operator was assembly 120.0s, inspection 60.0s, walking 12.5s, transport_travel 8.3s, transport_load 5.0s, transport_unload 5.0s",inspection,NO_FEEDER_WAITING
11543.333,11670.0,126.667,0,assembly,manual_assembly,"no rack in buffer/transport: operator was assembly 108.3s, transport_travel 8.3s, transport_load 5.0s, transport_unload 5.0s",manual_assembly,WIP_BELOW_TARGET
11734.167,11945.0,210.833,0,inspection,inspection,"no rack in buffer/transport: operator was assembly 120.0s, inspection 60.0s, walking 12.5s, transport_travel 8.3s, transport_load 5.0s, transport_unload 5.0s",inspection,NO_FEEDER_WAITING
11965.0,12091.667,126.667,0,assembly,manual_assembly,"no rack in buffer/transport: operator was assembly 108.3s, transport_travel 8.3s, transport_load 5.0s, transport_unload 5.0s, idle 0.0s",manual_assembly,WIP_BELOW_TARGET
12155.833,12366.667,210.833,0,inspection,inspection,"no rack in buffer/transport: operator was assembly 120.0s, inspection 60.0s, walking 12.5s, transport_travel 8.3s, transport_load 5.0s, transport_unload 5.0s, idle 0.0s",inspection,NO_FEEDER_WAITING
12386.667,12513.333,126.667,0,assembly,manual_assembly,"no rack in buffer/transport: operator was assembly 108.3s, transport_travel 8.3s, transport_load 5.0s, transport_unload 5.0s",manual_assembly,WIP_BELOW_TARGET
12577.5,12788.333,210.833,0,inspection,inspection,"no rack in buffer/transport: operator was assembly 120.0s, inspection 60.0s, walking 12.5s, transport_travel 8.3s, transport_load 5.0s, transport_unload 5.0s",inspection,NO_FEEDER_WAITING
12808.333,12935.0,126.667,0,assembly,manual_assembly,"no rack in buffer/transport: operator was assembly 108.3s, transport_travel 8.3s, transport_load 5.0s, transport_unload 5.0s",manual_assembly,WIP_BELOW_TARGET
12999.167,13210.0,210.833,0,inspection,inspection,"no rack in buffer/transport: operator was assembly 120.0s, inspection 60.0s, walking 12.5s, transport_travel 8.3s, transport_load 5.0s, transport_unload 5.0s",inspection,NO_FEEDER_WAITING
13230.0,13356.667,126.667,0,assembly,manual_assembly,"no rack in buffer/transport: operator was assembly 108.3s, transport_travel 8.3s, transport_load 5.0s, transport_unload 5.0s, idle 0.0s",manual_assembly,WIP_BELOW_TARGET
13420.833,13631.667,210.833,0,inspection,inspection,"no rack in buffer/transport: operator was assembly 120.0s, inspection 60.0s, walking 12.5s, transport_travel 8.3s, transport_load 5.0s, transport_unload 5.0s, idle 0.0s",inspection,NO_FEEDER_WAITING
13651.667,13778.333,126.667,0,assembly,manual_assembly,"no rack in buffer/transport: operator was assembly 108.3s, transport_travel 8.3s, transport_load 5.0s, transport_unload 5.0s",manual_assembly,WIP_BELOW_TARGET
13842.5,14053.333,210.833,0,inspection,inspection,"no rack in buffer/transport: operator was assembly 120.0s, inspection 60.0s, walking 12.5s, transport_travel 8.3s, transport_load 5.0s, transport_unload 5.0s",inspection,NO_FEEDER_WAITING
14073.333,14200.0,126.667,0,assembly,manual_assembly,"no rack in buffer/transport: operator was assembly 108.3s, transport_travel 8.3s, transport_load 5.0s, transport_unload 5.0s",manual_assembly,WIP_BELOW_TARGET
14264.167,14475.0,210.833,0,inspection,inspection,"no rack in buffer/transport: operator was assembly 120.0s, inspection 60.0s, walking 12.5s, transport_travel 8.3s, transport_load 5.0s, transport_unload 5.0s",inspection,NO_FEEDER_WAITING
14495.0,14621.667,126.667,0,assembly,manual_assembly,"no rack in buffer/transport: operator was assembly 108.3s, transport_travel 8.3s, transport_load 5.0s, transport_unload 5.0s, idle 0.0s",manual_assembly,WIP_BELOW_TARGET
14685.833,14896.667,210.833,0,inspection,inspection,"no rack in buffer/transport: operator was assembly 120.0s, inspection 60.0s, walking 12.5s, transport_travel 8.3s, transport_load 5.0s, transport_unload 5.0s, idle 0.0s",inspection,NO_FEEDER_WAITING
14916.667,15043.333,126.667,0,assembly,manual_assembly,"no rack in buffer/transport: operator was assembly 108.3s, transport_travel 8.3s, transport_load 5.0s, transport_unload 5.0s",manual_assembly,WIP_BELOW_TARGET
15107.5,15318.333,210.833,0,inspection,inspection,"no rack in buffer/transport: operator was assembly 120.0s, inspection 60.0s, walking 12.5s, transport_travel 8.3s, transport_load 5.0s, transport_unload 5.0s",inspection,NO_FEEDER_WAITING
15338.333,15465.0,126.667,0,assembly,manual_assembly,"no rack in buffer/transport: operator was assembly 108.3s, transport_travel 8.3s, transport_load 5.0s, transport_unload 5.0s",manual_assembly,WIP_BELOW_TARGET
15529.167,15740.0,210.833,0,inspection,inspection,"no rack in buffer/transport: operator was assembly 120.0s, inspection 60.0s, walking 12.5s, transport_travel 8.3s, transport_load 5.0s, transport_unload 5.0s",inspection,NO_FEEDER_WAITING
15760.0,15886.667,126.667,0,assembly,manual_assembly,"no rack in buffer/transport: operator was assembly 108.3s, transport_travel 8.3s, transport_load 5.0s, transport_unload 5.0s, idle 0.0s",manual_assembly,WIP_BELOW_TARGET
15950.833,16161.667,210.833,0,inspection,inspection,"no rack in buffer/transport: operator was assembly 120.0s, inspection 60.0s, walking 12.5s, transport_travel 8.3s, transport_load 5.0s, transport_unload 5.0s, idle 0.0s",inspection,NO_FEEDER_WAITING
16181.667,16308.333,126.667,0,assembly,manual_assembly,"no rack in buffer/transport: operator was assembly 108.3s, transport_travel 8.3s, transport_load 5.0s, transport_unload 5.0s",manual_assembly,WIP_BELOW_TARGET
16372.5,16583.333,210.833,0,inspection,inspection,"no rack in buffer/transport: operator was assembly 120.0s, inspection 60.0s, walking 12.5s, transport_travel 8.3s, transport_load 5.0s, transport_unload 5.0s",inspection,NO_FEEDER_WAITING
16603.333,16730.0,126.667,0,assembly,manual_assembly,"no rack in buffer/transport: operator was assembly 108.3s, transport_travel 8.3s, transport_load 5.0s, transport_unload 5.0s",manual_assembly,WIP_BELOW_TARGET
16794.167,17005.0,210.833,0,inspection,inspection,"no rack in buffer/transport: operator was assembly 120.0s, inspection 60.0s, walking 12.5s, transport_travel 8.3s, transport_load 5.0s, transport_unload 5.0s",inspection,NO_FEEDER_WAITING
17025.0,17151.667,126.667,0,assembly,manual_assembly,"no rack in buffer/transport: operator was assembly 108.3s, transport_travel 8.3s, transport_load 5.0s, transport_unload 5.0s, idle 0.0s",manual_assembly,WIP_BELOW_TARGET
17215.833,17426.667,210.833,0,inspection,inspection,"no rack in buffer/transport: operator was assembly 120.0s, inspection 60.0s, walking 12.5s, transport_travel 8.3s, transport_load 5.0s, transport_unload 5.0s, idle 0.0s",inspection,NO_FEEDER_WAITING
17446.667,17573.333,126.667,0,assembly,manual_assembly,"no rack in buffer/transport: operator was assembly 108.3s, transport_travel 8.3s, transport_load 5.0s, transport_unload 5.0s",manual_assembly,WIP_BELOW_TARGET
17637.5,17848.333,210.833,0,inspection,inspection,"no rack in buffer/transport: operator was assembly 120.0s, inspection 60.0s, walking 12.5s, transport_travel 8.3s, transport_load 5.0s, transport_unload 5.0s",inspection,NO_FEEDER_WAITING
17868.333,17995.0,126.667,0,assembly,manual_assembly,"no rack in buffer/transport: operator was assembly 108.3s, transport_travel 8.3s, transport_load 5.0s, transport_unload 5.0s",manual_assembly,WIP_BELOW_TARGET
18059.167,18270.0,210.833,0,inspection,inspection,"no rack in buffer/transport: operator was assembly 120.0s, inspection 60.0s, walking 12.5s, transport_travel 8.3s, transport_load 5.0s, transport_unload 5.0s",inspection,NO_FEEDER_WAITING
18290.0,18416.667,126.667,0,assembly,manual_assembly,"no rack in buffer/transport: operator was assembly 108.3s, transport_travel 8.3s, transport_load 5.0s, transport_unload 5.0s, idle 0.0s",manual_assembly,WIP_BELOW_TARGET
18480.833,18691.667,210.833,0,inspection,inspection,"no rack in buffer/transport: operator was assembly 120.0s, inspection 60.0s, walking 12.5s, transport_travel 8.3s, transport_load 5.0s, transport_unload 5.0s, idle 0.0s",inspection,NO_FEEDER_WAITING
18711.667,18838.333,126.667,0,assembly,manual_assembly,"no rack in buffer/transport: operator was assembly 108.3s, transport_travel 8.3s, transport_load 5.0s, transport_unload 5.0s",manual_assembly,WIP_BELOW_TARGET
18902.5,19113.333,210.833,0,inspection,inspection,"no rack in buffer/transport: operator was assembly 120.0s, inspection 60.0s, walking 12.5s, transport_travel 8.3s, transport_load 5.0s, transport_unload 5.0s",inspection,NO_FEEDER_WAITING
19133.333,19260.0,126.667,0,assembly,manual_assembly,"no rack in buffer/transport: operator was assembly 108.3s, transport_travel 8.3s, transport_load 5.0s, transport_unload 5.0s",manual_assembly,WIP_BELOW_TARGET
19324.167,19535.0,210.833,0,inspection,inspection,"no rack in buffer/transport: operator was assembly 120.0s, inspection 60.0s, walking 12.5s, transport_travel 8.3s, transport_load 5.0s, transport_unload 5.0s",inspection,NO_FEEDER_WAITING
19555.0,19681.667,126.667,0,assembly,manual_assembly,"no rack in buffer/transport: operator was assembly 108.3s, transport_travel 8.3s, transport_load 5.0s, transport_unload 5.0s, idle 0.0s",manual_assembly,WIP_BELOW_TARGET
19745.833,19956.667,210.833,0,inspection,inspection,"no rack in buffer/transport: operator was assembly 120.0s, inspection 60.0s, walking 12.5s, transport_travel 8.3s, transport_load 5.0s, transport_unload 5.0s, idle 0.0s",inspection,NO_FEEDER_WAITING
19976.667,20103.333,126.667,0,assembly,manual_assembly,"no rack in buffer/transport: operator was assembly 108.3s, transport_travel 8.3s, transport_load 5.0s, transport_unload 5.0s",manual_assembly,WIP_BELOW_TARGET
20167.5,20378.333,210.833,0,inspection,inspection,"no rack in buffer/transport: operator was assembly 120.0s, inspection 60.0s, walking 12.5s, transport_travel 8.3s, transport_load 5.0s, transport_unload 5.0s",inspection,NO_FEEDER_WAITING
20398.333,20525.0,126.667,0,assembly,manual_assembly,"no rack in buffer/transport: operator was assembly 108.3s, transport_travel 8.3s, transport_load 5.0s, transport_unload 5.0s",manual_assembly,WIP_BELOW_TARGET
20589.167,20800.0,210.833,0,inspection,inspection,"no rack in buffer/transport: operator was assembly 120.0s, inspection 60.0s, walking 12.5s, transport_travel 8.3s, transport_load 5.0s, transport_unload 5.0s",inspection,NO_FEEDER_WAITING
20820.0,20946.667,126.667,0,assembly,manual_assembly,"no rack in buffer/transport: operator was assembly 108.3s, transport_travel 8.3s, transport_load 5.0s, transport_unload 5.0s, idle 0.0s",manual_assembly,WIP_BELOW_TARGET
21010.833,21221.667,210.833,0,inspection,inspection,"no rack in buffer/transport: operator was assembly 120.0s, inspection 60.0s, walking 12.5s, transport_travel 8.3s, transport_load 5.0s, transport_unload 5.0s, idle 0.0s",inspection,NO_FEEDER_WAITING
21241.667,21368.333,126.667,0,assembly,manual_assembly,"no rack in buffer/transport: operator was assembly 108.3s, transport_travel 8.3s, transport_load 5.0s, transport_unload 5.0s",manual_assembly,WIP_BELOW_TARGET
21432.5,21643.333,210.833,0,inspection,inspection,"no rack in buffer/transport: operator was assembly 120.0s, inspection 60.0s, walking 12.5s, transport_travel 8.3s, transport_load 5.0s, transport_unload 5.0s",inspection,NO_FEEDER_WAITING
21663.333,21790.0,126.667,0,assembly,manual_assembly,"no rack in buffer/transport: operator was assembly 108.3s, transport_travel 8.3s, transport_load 5.0s, transport_unload 5.0s",manual_assembly,WIP_BELOW_TARGET
21854.167,22065.0,210.833,0,inspection,inspection,"no rack in buffer/transport: operator was assembly 120.0s, inspection 60.0s, walking 12.5s, transport_travel 8.3s, transport_load 5.0s, transport_unload 5.0s",inspection,NO_FEEDER_WAITING
22085.0,22211.667,126.667,0,assembly,manual_assembly,"no rack in buffer/transport: operator was assembly 108.3s, transport_travel 8.3s, transport_load 5.0s, transport_unload 5.0s, idle 0.0s",manual_assembly,WIP_BELOW_TARGET
22275.833,22486.667,210.833,0,inspection,inspection,"no rack in buffer/transport: operator was assembly 120.0s, inspection 60.0s, walking 12.5s, transport_travel 8.3s, transport_load 5.0s, transport_unload 5.0s, idle 0.0s",inspection,NO_FEEDER_WAITING
22506.667,22633.333,126.667,0,assembly,manual_assembly,"no rack in buffer/transport: operator was assembly 108.3s, transport_travel 8.3s, transport_load 5.0s, transport_unload 5.0s",manual_assembly,WIP_BELOW_TARGET
22697.5,22908.333,210.833,0,inspection,inspection,"no rack in buffer/transport: operator was assembly 120.0s, inspection 60.0s, walking 12.5s, transport_travel 8.3s, transport_load 5.0s, transport_unload 5.0s",inspection,NO_FEEDER_WAITING
22928.333,23055.0,126.667,0,assembly,manual_assembly,"no rack in buffer/transport: operator was assembly 108.3s, transport_travel 8.3s, transport_load 5.0s, transport_unload 5.0s",manual_assembly,WIP_BELOW_TARGET
23119.167,23330.0,210.833,0,inspection,inspection,"no rack in buffer/transport: operator was assembly 120.0s, inspection 60.0s, walking 12.5s, transport_travel 8.3s, transport_load 5.0s, transport_unload 5.0s",inspection,NO_FEEDER_WAITING
23350.0,23476.667,126.667,0,assembly,manual_assembly,"no rack in buffer/transport: operator was assembly 108.3s, transport_travel 8.3s, transport_load 5.0s, transport_unload 5.0s, idle 0.0s",manual_assembly,WIP_BELOW_TARGET
23540.833,23751.667,210.833,0,inspection,inspection,"no rack in buffer/transport: operator was assembly 120.0s, inspection 60.0s, walking 12.5s, transport_travel 8.3s, transport_load 5.0s, transport_unload 5.0s, idle 0.0s",inspection,NO_FEEDER_WAITING
23771.667,23898.333,126.667,0,assembly,manual_assembly,"no rack in buffer/transport: operator was assembly 108.3s, transport_travel 8.3s, transport_load 5.0s, transport_unload 5.0s",manual_assembly,WIP_BELOW_TARGET
23962.5,24173.333,210.833,0,inspection,inspection,"no rack in buffer/transport: operator was assembly 120.0s, inspection 60.0s, walking 12.5s, transport_travel 8.3s, transport_load 5.0s, transport_unload 5.0s",inspection,NO_FEEDER_WAITING
24193.333,24320.0,126.667,0,assembly,manual_assembly,"no rack in buffer/transport: operator was assembly 108.3s, transport_travel 8.3s, transport_load 5.0s, transport_unload 5.0s",manual_assembly,WIP_BELOW_TARGET
24384.167,24595.0,210.833,0,inspection,inspection,"no rack in buffer/transport: operator was assembly 120.0s, inspection 60.0s, walking 12.5s, transport_travel 8.3s, transport_load 5.0s, transport_unload 5.0s",inspection,NO_FEEDER_WAITING
24615.0,24741.667,126.667,0,assembly,manual_assembly,"no rack in buffer/transport: operator was assembly 108.3s, transport_travel 8.3s, transport_load 5.0s, transport_unload 5.0s, idle 0.0s",manual_assembly,WIP_BELOW_TARGET
24805.833,25016.667,210.833,0,inspection,inspection,"no rack in buffer/transport: operator was assembly 120.0s, inspection 60.0s, walking 12.5s, transport_travel 8.3s, transport_load 5.0s, transport_unload 5.0s, idle 0.0s",inspection,NO_FEEDER_WAITING
25036.667,25163.333,126.667,0,assembly,manual_assembly,"no rack in buffer/transport: operator was assembly 108.3s, transport_travel 8.3s, transport_load 5.0s, transport_unload 5.0s",manual_assembly,WIP_BELOW_TARGET
25227.5,25438.333,210.833,0,inspection,inspection,"no rack in buffer/transport: operator was assembly 120.0s, inspection 60.0s, walking 12.5s, transport_travel 8.3s, transport_load 5.0s, transport_unload 5.0s",inspection,NO_FEEDER_WAITING
25458.333,25585.0,126.667,0,assembly,manual_assembly,"no rack in buffer/transport: operator was assembly 108.3s, transport_travel 8.3s, transport_load 5.0s, transport_unload 5.0s",manual_assembly,WIP_BELOW_TARGET
25649.167,25860.0,210.833,0,inspection,inspection,"no rack in buffer/transport: operator was assembly 120.0s, inspection 60.0s, walking 12.5s, transport_travel 8.3s, transport_load 5.0s, transport_unload 5.0s",inspection,NO_FEEDER_WAITING
25880.0,26006.667,126.667,0,assembly,manual_assembly,"no rack in buffer/transport: operator was assembly 108.3s, transport_travel 8.3s, transport_load 5.0s, transport_unload 5.0s, idle 0.0s",manual_assembly,WIP_BELOW_TARGET
26070.833,26281.667,210.833,0,inspection,inspection,"no rack in buffer/transport: operator was assembly 120.0s, inspection 60.0s, walking 12.5s, transport_travel 8.3s, transport_load 5.0s, transport_unload 5.0s, idle 0.0s",inspection,NO_FEEDER_WAITING
26301.667,26428.333,126.667,0,assembly,manual_assembly,"no rack in buffer/transport: operator was assembly 108.3s, transport_travel 8.3s, transport_load 5.0s, transport_unload 5.0s",manual_assembly,WIP_BELOW_TARGET
26492.5,26703.333,210.833,0,inspection,inspection,"no rack in buffer/transport: operator was assembly 120.0s, inspection 60.0s, walking 12.5s, transport_travel 8.3s, transport_load 5.0s, transport_unload 5.0s",inspection,NO_FEEDER_WAITING
26723.333,26850.0,126.667,0,assembly,manual_assembly,"no rack in buffer/transport: operator was assembly 108.3s, transport_travel 8.3s, transport_load 5.0s, transport_unload 5.0s",manual_assembly,WIP_BELOW_TARGET
26914.167,27125.0,210.833,0,inspection,inspection,"no rack in buffer/transport: operator was assembly 120.0s, inspection 60.0s, walking 12.5s, transport_travel 8.3s, transport_load 5.0s, transport_unload 5.0s",inspection,NO_FEEDER_WAITING
27145.0,27271.667,126.667,0,assembly,manual_assembly,"no rack in buffer/transport: operator was assembly 108.3s, transport_travel 8.3s, transport_load 5.0s, transport_unload 5.0s, idle 0.0s",manual_assembly,WIP_BELOW_TARGET
27335.833,27546.667,210.833,0,inspection,inspection,"no rack in buffer/transport: operator was assembly 120.0s, inspection 60.0s, walking 12.5s, transport_travel 8.3s, transport_load 5.0s, transport_unload 5.0s, idle 0.0s",inspection,NO_FEEDER_WAITING
27566.667,27693.333,126.667,0,assembly,manual_assembly,"no rack in buffer/transport: operator was assembly 108.3s, transport_travel 8.3s, transport_load 5.0s, transport_unload 5.0s",manual_assembly,WIP_BELOW_TARGET
27757.5,27968.333,210.833,0,inspection,inspection,"no rack in buffer/transport: operator was assembly 120.0s, inspection 60.0s, walking 12.5s, transport_travel 8.3s, transport_load 5.0s, transport_unload 5.0s",inspection,NO_FEEDER_WAITING
27988.333,28115.0,126.667,0,assembly,manual_assembly,"no rack in buffer/transport: operator was assembly 108.3s, transport_travel 8.3s, transport_load 5.0s, transport_unload 5.0s",manual_assembly,WIP_BELOW_TARGET
28179.167,28390.0,210.833,0,inspection,inspection,"no rack in buffer/transport: operator was assembly 120.0s, inspection 60.0s, walking 12.5s, transport_travel 8.3s, transport_load 5.0s, transport_unload 5.0s",inspection,NO_FEEDER_WAITING
28410.0,28536.667,126.667,0,assembly,manual_assembly,"no rack in buffer/transport: operator was assembly 108.3s, transport_travel 8.3s, transport_load 5.0s, transport_unload 5.0s, idle 0.0s",manual_assembly,WIP_BELOW_TARGET
28600.833,28800.0,199.167,0,inspection,inspection,"no rack in buffer/transport: operator was assembly 120.0s, inspection 60.0s, walking 12.5s, transport_load 5.0s, transport_travel 1.7s",inspection,NO_FEEDER_WAITING
