variant,prod_1,op1_walk_s_1,op1_idle_s_1,sel_blocked_s_1,prod_2,op1_walk_s_2,op1_idle_s_2,sel_blocked_s_2,prod_3,op1_walk_s_3,op1_idle_s_3,sel_blocked_s_3,prod_4,op1_walk_s_4,op1_idle_s_4,sel_blocked_s_4
A_base_wip_target,122,2033.3,2440.0,0.0,136,1700.0,0.0,3003.3,123,4116.7,0.0,22242.5,123,4116.7,0.0,22242.5
B_fifo,122,2033.3,2440.0,0.0,123,4120.8,0.0,0.0,123,4120.8,0.0,0.0,123,4120.8,0.0,0.0
C_static_priority_feeders_first,122,2033.3,2440.0,0.0,136,1700.0,0.0,3003.3,135,1695.8,0.0,15689.2,134,1700.0,0.0,25815.0
C2_static_priority_review_first,122,2033.3,2440.0,0.0,123,4120.8,0.0,0.0,123,4120.8,0.0,0.0,123,4120.8,0.0,0.0
D_independent_review_operator,127,1058.3,10160.0,0.0,195,1633.3,0.0,0.0,195,1633.3,0.0,0.0,195,1633.3,0.0,0.0
E_transport_near_zero,132,2204.2,2660.0,0.0,148,1862.5,0.0,3309.9,133,4462.5,0.0,24209.1,133,4462.5,0.0,24209.1
F_wip_target_1,122,2033.3,2440.0,0.0,123,4120.8,0.0,0.0,123,4120.8,0.0,0.0,123,4120.8,0.0,0.0
F_wip_target_2,122,2033.3,2440.0,0.0,136,1700.0,0.0,3003.3,123,4116.7,0.0,22242.5,123,4116.7,0.0,22242.5
F_wip_target_3,122,2033.3,2440.0,0.0,136,1700.0,0.0,3003.3,123,4116.7,0.0,22242.5,123,4116.7,0.0,22242.5
F_wip_target_4,122,2033.3,2440.0,0.0,136,1700.0,0.0,3003.3,123,4116.7,0.0,22242.5,123,4116.7,0.0,22242.5
G_immediate_dispatch,122,2033.3,2440.0,0.0,123,4120.8,0.0,0.0,123,4120.8,0.0,0.0,123,4120.8,0.0,0.0
G_settled_end_of_timestep (diagnostic patch),122,2033.3,2440.0,0.0,133,2225.0,0.0,5874.2,123,4116.7,0.0,22242.5,123,4116.7,0.0,22242.5
I_wip_target_without_rule1_unblock_protected,122,2033.3,2440.0,0.0,136,1700.0,0.0,3003.3,135,1695.8,0.0,15689.2,122,4091.7,0.0,26055.0
"H_walking_free (speed 1000 m/s, operator only)",131,2.6,2640.0,0.0,144,2.2,0.0,2880.4,143,5.8,0.0,23019.5,143,5.8,0.0,23019.5
