t,event,entity,available,assembly,transport,input_buffer,selective,review,total,sum_ok,engine_available_after_seize,operator_activity
0,carrier_seized,1,1,1,0,0,0,0,2,True,1,assembly
125.0,leave,1,1,0,1,0,0,0,2,True,,transport_travel
125.0,carrier_seized,2,0,1,1,0,0,0,2,True,0,transport_travel
138.333333,enter_buffer,1,0,1,0,1,0,0,2,True,,transport_unload
138.333333,enter,1,0,1,0,0,1,0,2,True,,transport_unload
158.333333,enter,1,0,1,0,0,0,1,2,True,,assembly
271.666667,leave,2,0,0,1,0,0,1,2,True,,transport_travel
285.0,enter_buffer,2,0,0,0,1,0,1,2,True,,transport_unload
285.0,enter,2,0,0,0,0,1,1,2,True,,transport_unload
349.166667,carrier_released,1,1,0,0,0,1,0,2,True,,inspection
349.166667,enter,2,1,0,0,0,0,1,2,True,,inspection
349.166667,carrier_seized,3,0,1,0,0,0,1,2,True,0,inspection
409.166667,carrier_released,2,1,1,0,0,0,0,2,True,,walking
546.666667,leave,3,1,0,1,0,0,0,2,True,,transport_travel
546.666667,carrier_seized,4,0,1,1,0,0,0,2,True,0,transport_travel
560.0,enter_buffer,3,0,1,0,1,0,0,2,True,,transport_unload
560.0,enter,3,0,1,0,0,1,0,2,True,,transport_unload
580.0,enter,3,0,1,0,0,0,1,2,True,,assembly
693.333333,leave,4,0,0,1,0,0,1,2,True,,transport_travel
706.666667,enter_buffer,4,0,0,0,1,0,1,2,True,,walking
706.666667,enter,4,0,0,0,0,1,1,2,True,,walking
770.833333,carrier_released,3,1,0,0,0,1,0,2,True,,inspection
770.833333,enter,4,1,0,0,0,0,1,2,True,,inspection
770.833333,carrier_seized,5,0,1,0,0,0,1,2,True,0,inspection
830.833333,carrier_released,4,1,1,0,0,0,0,2,True,,walking
968.333333,leave,5,1,0,1,0,0,0,2,True,,transport_travel
968.333333,carrier_seized,6,0,1,1,0,0,0,2,True,0,transport_travel
981.666667,enter_buffer,5,0,1,0,1,0,0,2,True,,walking
981.666667,enter,5,0,1,0,0,1,0,2,True,,walking
1001.666667,enter,5,0,1,0,0,0,1,2,True,,assembly
1115.0,leave,6,0,0,1,0,0,1,2,True,,transport_travel
1128.333333,enter_buffer,6,0,0,0,1,0,1,2,True,,transport_unload
1128.333333,enter,6,0,0,0,0,1,1,2,True,,transport_unload
1192.5,carrier_released,5,1,0,0,0,1,0,2,True,,inspection
1192.5,enter,6,1,0,0,0,0,1,2,True,,inspection
1192.5,carrier_seized,7,0,1,0,0,0,1,2,True,0,inspection
1252.5,carrier_released,6,1,1,0,0,0,0,2,True,,walking
1390.0,leave,7,1,0,1,0,0,0,2,True,,transport_travel
1390.0,carrier_seized,8,0,1,1,0,0,0,2,True,0,transport_travel
1403.333333,enter_buffer,7,0,1,0,1,0,0,2,True,,transport_unload
1403.333333,enter,7,0,1,0,0,1,0,2,True,,transport_unload
1423.333333,enter,7,0,1,0,0,0,1,2,True,,assembly
1536.666667,leave,8,0,0,1,0,0,1,2,True,,transport_travel
1550.0,enter_buffer,8,0,0,0,1,0,1,2,True,,transport_unload
1550.0,enter,8,0,0,0,0,1,1,2,True,,transport_unload
1614.166667,carrier_released,7,1,0,0,0,1,0,2,True,,inspection
1614.166667,enter,8,1,0,0,0,0,1,2,True,,inspection
1614.166667,carrier_seized,9,0,1,0,0,0,1,2,True,0,inspection
1674.166667,carrier_released,8,1,1,0,0,0,0,2,True,,walking
1811.666667,leave,9,1,0,1,0,0,0,2,True,,transport_travel
1811.666667,carrier_seized,10,0,1,1,0,0,0,2,True,0,transport_travel
1825.0,enter_buffer,9,0,1,0,1,0,0,2,True,,transport_unload
1825.0,enter,9,0,1,0,0,1,0,2,True,,transport_unload
1845.0,enter,9,0,1,0,0,0,1,2,True,,assembly
1958.333333,leave,10,0,0,1,0,0,1,2,True,,transport_travel
1971.666667,enter_buffer,10,0,0,0,1,0,1,2,True,,walking
1971.666667,enter,10,0,0,0,0,1,1,2,True,,walking
2035.833333,carrier_released,9,1,0,0,0,1,0,2,True,,inspection
2035.833333,enter,10,1,0,0,0,0,1,2,True,,inspection
2035.833333,carrier_seized,11,0,1,0,0,0,1,2,True,0,inspection
2095.833333,carrier_released,10,1,1,0,0,0,0,2,True,,walking
2233.333333,leave,11,1,0,1,0,0,0,2,True,,transport_travel
2233.333333,carrier_seized,12,0,1,1,0,0,0,2,True,0,transport_travel
2246.666667,enter_buffer,11,0,1,0,1,0,0,2,True,,walking
2246.666667,enter,11,0,1,0,0,1,0,2,True,,walking
2266.666667,enter,11,0,1,0,0,0,1,2,True,,assembly
2380.0,leave,12,0,0,1,0,0,1,2,True,,transport_travel
2393.333333,enter_buffer,12,0,0,0,1,0,1,2,True,,transport_unload
2393.333333,enter,12,0,0,0,0,1,1,2,True,,transport_unload
2457.5,carrier_released,11,1,0,0,0,1,0,2,True,,inspection
2457.5,enter,12,1,0,0,0,0,1,2,True,,inspection
2457.5,carrier_seized,13,0,1,0,0,0,1,2,True,0,inspection
2517.5,carrier_released,12,1,1,0,0,0,0,2,True,,walking
2655.0,leave,13,1,0,1,0,0,0,2,True,,transport_travel
2655.0,carrier_seized,14,0,1,1,0,0,0,2,True,0,transport_travel
2668.333333,enter_buffer,13,0,1,0,1,0,0,2,True,,transport_unload
2668.333333,enter,13,0,1,0,0,1,0,2,True,,transport_unload
2688.333333,enter,13,0,1,0,0,0,1,2,True,,assembly
2801.666667,leave,14,0,0,1,0,0,1,2,True,,transport_travel
2815.0,enter_buffer,14,0,0,0,1,0,1,2,True,,transport_unload
2815.0,enter,14,0,0,0,0,1,1,2,True,,transport_unload
2879.166667,carrier_released,13,1,0,0,0,1,0,2,True,,inspection
2879.166667,enter,14,1,0,0,0,0,1,2,True,,inspection
2879.166667,carrier_seized,15,0,1,0,0,0,1,2,True,0,inspection
2939.166667,carrier_released,14,1,1,0,0,0,0,2,True,,walking
3076.666667,leave,15,1,0,1,0,0,0,2,True,,transport_travel
3076.666667,carrier_seized,16,0,1,1,0,0,0,2,True,0,transport_travel
3090.0,enter_buffer,15,0,1,0,1,0,0,2,True,,transport_unload
3090.0,enter,15,0,1,0,0,1,0,2,True,,transport_unload
3110.0,enter,15,0,1,0,0,0,1,2,True,,assembly
3223.333333,leave,16,0,0,1,0,0,1,2,True,,transport_travel
3236.666667,enter_buffer,16,0,0,0,1,0,1,2,True,,walking
3236.666667,enter,16,0,0,0,0,1,1,2,True,,walking
3300.833333,carrier_released,15,1,0,0,0,1,0,2,True,,inspection
3300.833333,enter,16,1,0,0,0,0,1,2,True,,inspection
3300.833333,carrier_seized,17,0,1,0,0,0,1,2,True,0,inspection
3360.833333,carrier_released,16,1,1,0,0,0,0,2,True,,walking
3498.333333,leave,17,1,0,1,0,0,0,2,True,,transport_travel
3498.333333,carrier_seized,18,0,1,1,0,0,0,2,True,0,transport_travel
3511.666667,enter_buffer,17,0,1,0,1,0,0,2,True,,walking
3511.666667,enter,17,0,1,0,0,1,0,2,True,,walking
3531.666667,enter,17,0,1,0,0,0,1,2,True,,assembly
3645.0,leave,18,0,0,1,0,0,1,2,True,,transport_travel
3658.333333,enter_buffer,18,0,0,0,1,0,1,2,True,,transport_unload
3658.333333,enter,18,0,0,0,0,1,1,2,True,,transport_unload
3722.5,carrier_released,17,1,0,0,0,1,0,2,True,,inspection
3722.5,enter,18,1,0,0,0,0,1,2,True,,inspection
3722.5,carrier_seized,19,0,1,0,0,0,1,2,True,0,inspection
3782.5,carrier_released,18,1,1,0,0,0,0,2,True,,walking
3920.0,leave,19,1,0,1,0,0,0,2,True,,transport_travel
3920.0,carrier_seized,20,0,1,1,0,0,0,2,True,0,transport_travel
3933.333333,enter_buffer,19,0,1,0,1,0,0,2,True,,transport_unload
3933.333333,enter,19,0,1,0,0,1,0,2,True,,transport_unload
3953.333333,enter,19,0,1,0,0,0,1,2,True,,assembly
4066.666667,leave,20,0,0,1,0,0,1,2,True,,transport_travel
4080.0,enter_buffer,20,0,0,0,1,0,1,2,True,,transport_unload
4080.0,enter,20,0,0,0,0,1,1,2,True,,transport_unload
4144.166667,carrier_released,19,1,0,0,0,1,0,2,True,,inspection
4144.166667,enter,20,1,0,0,0,0,1,2,True,,inspection
4144.166667,carrier_seized,21,0,1,0,0,0,1,2,True,0,inspection
4204.166667,carrier_released,20,1,1,0,0,0,0,2,True,,walking
4341.666667,leave,21,1,0,1,0,0,0,2,True,,transport_travel
4341.666667,carrier_seized,22,0,1,1,0,0,0,2,True,0,transport_travel
4355.0,enter_buffer,21,0,1,0,1,0,0,2,True,,transport_unload
4355.0,enter,21,0,1,0,0,1,0,2,True,,transport_unload
4375.0,enter,21,0,1,0,0,0,1,2,True,,assembly
4488.333333,leave,22,0,0,1,0,0,1,2,True,,transport_travel
4501.666667,enter_buffer,22,0,0,0,1,0,1,2,True,,walking
4501.666667,enter,22,0,0,0,0,1,1,2,True,,walking
4565.833333,carrier_released,21,1,0,0,0,1,0,2,True,,inspection
4565.833333,enter,22,1,0,0,0,0,1,2,True,,inspection
4565.833333,carrier_seized,23,0,1,0,0,0,1,2,True,0,inspection
4625.833333,carrier_released,22,1,1,0,0,0,0,2,True,,walking
4763.333333,leave,23,1,0,1,0,0,0,2,True,,transport_travel
4763.333333,carrier_seized,24,0,1,1,0,0,0,2,True,0,transport_travel
4776.666667,enter_buffer,23,0,1,0,1,0,0,2,True,,walking
4776.666667,enter,23,0,1,0,0,1,0,2,True,,walking
4796.666667,enter,23,0,1,0,0,0,1,2,True,,assembly
4910.0,leave,24,0,0,1,0,0,1,2,True,,transport_travel
4923.333333,enter_buffer,24,0,0,0,1,0,1,2,True,,transport_unload
4923.333333,enter,24,0,0,0,0,1,1,2,True,,transport_unload
4987.5,carrier_released,23,1,0,0,0,1,0,2,True,,inspection
4987.5,enter,24,1,0,0,0,0,1,2,True,,inspection
4987.5,carrier_seized,25,0,1,0,0,0,1,2,True,0,inspection
5047.5,carrier_released,24,1,1,0,0,0,0,2,True,,walking
5185.0,leave,25,1,0,1,0,0,0,2,True,,transport_travel
5185.0,carrier_seized,26,0,1,1,0,0,0,2,True,0,transport_travel
5198.333333,enter_buffer,25,0,1,0,1,0,0,2,True,,transport_unload
5198.333333,enter,25,0,1,0,0,1,0,2,True,,transport_unload
5218.333333,enter,25,0,1,0,0,0,1,2,True,,assembly
5331.666667,leave,26,0,0,1,0,0,1,2,True,,transport_travel
5345.0,enter_buffer,26,0,0,0,1,0,1,2,True,,transport_unload
5345.0,enter,26,0,0,0,0,1,1,2,True,,transport_unload
5409.166667,carrier_released,25,1,0,0,0,1,0,2,True,,inspection
5409.166667,enter,26,1,0,0,0,0,1,2,True,,inspection
5409.166667,carrier_seized,27,0,1,0,0,0,1,2,True,0,inspection
5469.166667,carrier_released,26,1,1,0,0,0,0,2,True,,walking
5606.666667,leave,27,1,0,1,0,0,0,2,True,,transport_travel
5606.666667,carrier_seized,28,0,1,1,0,0,0,2,True,0,transport_travel
5620.0,enter_buffer,27,0,1,0,1,0,0,2,True,,transport_unload
5620.0,enter,27,0,1,0,0,1,0,2,True,,transport_unload
5640.0,enter,27,0,1,0,0,0,1,2,True,,assembly
5753.333333,leave,28,0,0,1,0,0,1,2,True,,transport_travel
5766.666667,enter_buffer,28,0,0,0,1,0,1,2,True,,walking
5766.666667,enter,28,0,0,0,0,1,1,2,True,,walking
5830.833333,carrier_released,27,1,0,0,0,1,0,2,True,,inspection
5830.833333,enter,28,1,0,0,0,0,1,2,True,,inspection
5830.833333,carrier_seized,29,0,1,0,0,0,1,2,True,0,inspection
5890.833333,carrier_released,28,1,1,0,0,0,0,2,True,,walking
6028.333333,leave,29,1,0,1,0,0,0,2,True,,transport_travel
6028.333333,carrier_seized,30,0,1,1,0,0,0,2,True,0,transport_travel
6041.666667,enter_buffer,29,0,1,0,1,0,0,2,True,,walking
6041.666667,enter,29,0,1,0,0,1,0,2,True,,walking
6061.666667,enter,29,0,1,0,0,0,1,2,True,,assembly
6175.0,leave,30,0,0,1,0,0,1,2,True,,transport_travel
6188.333333,enter_buffer,30,0,0,0,1,0,1,2,True,,transport_unload
6188.333333,enter,30,0,0,0,0,1,1,2,True,,transport_unload
6252.5,carrier_released,29,1,0,0,0,1,0,2,True,,inspection
6252.5,enter,30,1,0,0,0,0,1,2,True,,inspection
6252.5,carrier_seized,31,0,1,0,0,0,1,2,True,0,inspection
6312.5,carrier_released,30,1,1,0,0,0,0,2,True,,walking
6450.0,leave,31,1,0,1,0,0,0,2,True,,transport_travel
6450.0,carrier_seized,32,0,1,1,0,0,0,2,True,0,transport_travel
6463.333333,enter_buffer,31,0,1,0,1,0,0,2,True,,transport_unload
6463.333333,enter,31,0,1,0,0,1,0,2,True,,transport_unload
6483.333333,enter,31,0,1,0,0,0,1,2,True,,assembly
6596.666667,leave,32,0,0,1,0,0,1,2,True,,transport_travel
6610.0,enter_buffer,32,0,0,0,1,0,1,2,True,,transport_unload
6610.0,enter,32,0,0,0,0,1,1,2,True,,transport_unload
6674.166667,carrier_released,31,1,0,0,0,1,0,2,True,,inspection
6674.166667,enter,32,1,0,0,0,0,1,2,True,,inspection
6674.166667,carrier_seized,33,0,1,0,0,0,1,2,True,0,inspection
6734.166667,carrier_released,32,1,1,0,0,0,0,2,True,,walking
6871.666667,leave,33,1,0,1,0,0,0,2,True,,transport_travel
6871.666667,carrier_seized,34,0,1,1,0,0,0,2,True,0,transport_travel
6885.0,enter_buffer,33,0,1,0,1,0,0,2,True,,transport_unload
6885.0,enter,33,0,1,0,0,1,0,2,True,,transport_unload
6905.0,enter,33,0,1,0,0,0,1,2,True,,assembly
7018.333333,leave,34,0,0,1,0,0,1,2,True,,transport_travel
7031.666667,enter_buffer,34,0,0,0,1,0,1,2,True,,walking
7031.666667,enter,34,0,0,0,0,1,1,2,True,,walking
7095.833333,carrier_released,33,1,0,0,0,1,0,2,True,,inspection
7095.833333,enter,34,1,0,0,0,0,1,2,True,,inspection
7095.833333,carrier_seized,35,0,1,0,0,0,1,2,True,0,inspection
7155.833333,carrier_released,34,1,1,0,0,0,0,2,True,,walking
7293.333333,leave,35,1,0,1,0,0,0,2,True,,transport_travel
7293.333333,carrier_seized,36,0,1,1,0,0,0,2,True,0,transport_travel
7306.666667,enter_buffer,35,0,1,0,1,0,0,2,True,,walking
7306.666667,enter,35,0,1,0,0,1,0,2,True,,walking
7326.666667,enter,35,0,1,0,0,0,1,2,True,,assembly
7440.0,leave,36,0,0,1,0,0,1,2,True,,transport_travel
7453.333333,enter_buffer,36,0,0,0,1,0,1,2,True,,transport_unload
7453.333333,enter,36,0,0,0,0,1,1,2,True,,transport_unload
7517.5,carrier_released,35,1,0,0,0,1,0,2,True,,inspection
7517.5,enter,36,1,0,0,0,0,1,2,True,,inspection
7517.5,carrier_seized,37,0,1,0,0,0,1,2,True,0,inspection
7577.5,carrier_released,36,1,1,0,0,0,0,2,True,,walking
7715.0,leave,37,1,0,1,0,0,0,2,True,,transport_travel
7715.0,carrier_seized,38,0,1,1,0,0,0,2,True,0,transport_travel
7728.333333,enter_buffer,37,0,1,0,1,0,0,2,True,,transport_unload
7728.333333,enter,37,0,1,0,0,1,0,2,True,,transport_unload
7748.333333,enter,37,0,1,0,0,0,1,2,True,,assembly
7861.666667,leave,38,0,0,1,0,0,1,2,True,,transport_travel
7875.0,enter_buffer,38,0,0,0,1,0,1,2,True,,transport_unload
7875.0,enter,38,0,0,0,0,1,1,2,True,,transport_unload
7939.166667,carrier_released,37,1,0,0,0,1,0,2,True,,inspection
7939.166667,enter,38,1,0,0,0,0,1,2,True,,inspection
7939.166667,carrier_seized,39,0,1,0,0,0,1,2,True,0,inspection
7999.166667,carrier_released,38,1,1,0,0,0,0,2,True,,walking
8136.666667,leave,39,1,0,1,0,0,0,2,True,,transport_travel
8136.666667,carrier_seized,40,0,1,1,0,0,0,2,True,0,transport_travel
8150.0,enter_buffer,39,0,1,0,1,0,0,2,True,,transport_unload
8150.0,enter,39,0,1,0,0,1,0,2,True,,transport_unload
8170.0,enter,39,0,1,0,0,0,1,2,True,,assembly
8283.333333,leave,40,0,0,1,0,0,1,2,True,,transport_travel
8296.666667,enter_buffer,40,0,0,0,1,0,1,2,True,,walking
8296.666667,enter,40,0,0,0,0,1,1,2,True,,walking
8360.833333,carrier_released,39,1,0,0,0,1,0,2,True,,inspection
8360.833333,enter,40,1,0,0,0,0,1,2,True,,inspection
8360.833333,carrier_seized,41,0,1,0,0,0,1,2,True,0,inspection
8420.833333,carrier_released,40,1,1,0,0,0,0,2,True,,walking
8558.333333,leave,41,1,0,1,0,0,0,2,True,,transport_travel
8558.333333,carrier_seized,42,0,1,1,0,0,0,2,True,0,transport_travel
8571.666667,enter_buffer,41,0,1,0,1,0,0,2,True,,walking
8571.666667,enter,41,0,1,0,0,1,0,2,True,,walking
8591.666667,enter,41,0,1,0,0,0,1,2,True,,assembly
8705.0,leave,42,0,0,1,0,0,1,2,True,,transport_travel
8718.333333,enter_buffer,42,0,0,0,1,0,1,2,True,,transport_unload
8718.333333,enter,42,0,0,0,0,1,1,2,True,,transport_unload
8782.5,carrier_released,41,1,0,0,0,1,0,2,True,,inspection
8782.5,enter,42,1,0,0,0,0,1,2,True,,inspection
8782.5,carrier_seized,43,0,1,0,0,0,1,2,True,0,inspection
8842.5,carrier_released,42,1,1,0,0,0,0,2,True,,walking
8980.0,leave,43,1,0,1,0,0,0,2,True,,transport_travel
8980.0,carrier_seized,44,0,1,1,0,0,0,2,True,0,transport_travel
8993.333333,enter_buffer,43,0,1,0,1,0,0,2,True,,transport_unload
8993.333333,enter,43,0,1,0,0,1,0,2,True,,transport_unload
9013.333333,enter,43,0,1,0,0,0,1,2,True,,assembly
9126.666667,leave,44,0,0,1,0,0,1,2,True,,transport_travel
9140.0,enter_buffer,44,0,0,0,1,0,1,2,True,,transport_unload
9140.0,enter,44,0,0,0,0,1,1,2,True,,transport_unload
9204.166667,carrier_released,43,1,0,0,0,1,0,2,True,,inspection
9204.166667,enter,44,1,0,0,0,0,1,2,True,,inspection
9204.166667,carrier_seized,45,0,1,0,0,0,1,2,True,0,inspection
9264.166667,carrier_released,44,1,1,0,0,0,0,2,True,,walking
9401.666667,leave,45,1,0,1,0,0,0,2,True,,transport_travel
9401.666667,carrier_seized,46,0,1,1,0,0,0,2,True,0,transport_travel
9415.0,enter_buffer,45,0,1,0,1,0,0,2,True,,transport_unload
9415.0,enter,45,0,1,0,0,1,0,2,True,,transport_unload
9435.0,enter,45,0,1,0,0,0,1,2,True,,assembly
9548.333333,leave,46,0,0,1,0,0,1,2,True,,transport_travel
9561.666667,enter_buffer,46,0,0,0,1,0,1,2,True,,walking
9561.666667,enter,46,0,0,0,0,1,1,2,True,,walking
9625.833333,carrier_released,45,1,0,0,0,1,0,2,True,,inspection
9625.833333,enter,46,1,0,0,0,0,1,2,True,,inspection
9625.833333,carrier_seized,47,0,1,0,0,0,1,2,True,0,inspection
9685.833333,carrier_released,46,1,1,0,0,0,0,2,True,,walking
9823.333333,leave,47,1,0,1,0,0,0,2,True,,transport_travel
9823.333333,carrier_seized,48,0,1,1,0,0,0,2,True,0,transport_travel
9836.666667,enter_buffer,47,0,1,0,1,0,0,2,True,,walking
9836.666667,enter,47,0,1,0,0,1,0,2,True,,walking
9856.666667,enter,47,0,1,0,0,0,1,2,True,,assembly
9970.0,leave,48,0,0,1,0,0,1,2,True,,transport_travel
9983.333333,enter_buffer,48,0,0,0,1,0,1,2,True,,transport_unload
9983.333333,enter,48,0,0,0,0,1,1,2,True,,transport_unload
10047.5,carrier_released,47,1,0,0,0,1,0,2,True,,inspection
10047.5,enter,48,1,0,0,0,0,1,2,True,,inspection
10047.5,carrier_seized,49,0,1,0,0,0,1,2,True,0,inspection
10107.5,carrier_released,48,1,1,0,0,0,0,2,True,,walking
10245.0,leave,49,1,0,1,0,0,0,2,True,,transport_travel
10245.0,carrier_seized,50,0,1,1,0,0,0,2,True,0,transport_travel
10258.333333,enter_buffer,49,0,1,0,1,0,0,2,True,,transport_unload
10258.333333,enter,49,0,1,0,0,1,0,2,True,,transport_unload
10278.333333,enter,49,0,1,0,0,0,1,2,True,,assembly
10391.666667,leave,50,0,0,1,0,0,1,2,True,,transport_travel
10405.0,enter_buffer,50,0,0,0,1,0,1,2,True,,transport_unload
10405.0,enter,50,0,0,0,0,1,1,2,True,,transport_unload
10469.166667,carrier_released,49,1,0,0,0,1,0,2,True,,inspection
10469.166667,enter,50,1,0,0,0,0,1,2,True,,inspection
10469.166667,carrier_seized,51,0,1,0,0,0,1,2,True,0,inspection
10529.166667,carrier_released,50,1,1,0,0,0,0,2,True,,walking
10666.666667,leave,51,1,0,1,0,0,0,2,True,,transport_travel
10666.666667,carrier_seized,52,0,1,1,0,0,0,2,True,0,transport_travel
10680.0,enter_buffer,51,0,1,0,1,0,0,2,True,,transport_unload
10680.0,enter,51,0,1,0,0,1,0,2,True,,transport_unload
10700.0,enter,51,0,1,0,0,0,1,2,True,,assembly
10813.333333,leave,52,0,0,1,0,0,1,2,True,,transport_travel
10826.666667,enter_buffer,52,0,0,0,1,0,1,2,True,,walking
10826.666667,enter,52,0,0,0,0,1,1,2,True,,walking
10890.833333,carrier_released,51,1,0,0,0,1,0,2,True,,inspection
10890.833333,enter,52,1,0,0,0,0,1,2,True,,inspection
10890.833333,carrier_seized,53,0,1,0,0,0,1,2,True,0,inspection
10950.833333,carrier_released,52,1,1,0,0,0,0,2,True,,walking
11088.333333,leave,53,1,0,1,0,0,0,2,True,,transport_travel
11088.333333,carrier_seized,54,0,1,1,0,0,0,2,True,0,transport_travel
11101.666667,enter_buffer,53,0,1,0,1,0,0,2,True,,walking
11101.666667,enter,53,0,1,0,0,1,0,2,True,,walking
11121.666667,enter,53,0,1,0,0,0,1,2,True,,assembly
11235.0,leave,54,0,0,1,0,0,1,2,True,,transport_travel
11248.333333,enter_buffer,54,0,0,0,1,0,1,2,True,,transport_unload
11248.333333,enter,54,0,0,0,0,1,1,2,True,,transport_unload
11312.5,carrier_released,53,1,0,0,0,1,0,2,True,,inspection
11312.5,enter,54,1,0,0,0,0,1,2,True,,inspection
11312.5,carrier_seized,55,0,1,0,0,0,1,2,True,0,inspection
11372.5,carrier_released,54,1,1,0,0,0,0,2,True,,walking
11510.0,leave,55,1,0,1,0,0,0,2,True,,transport_travel
11510.0,carrier_seized,56,0,1,1,0,0,0,2,True,0,transport_travel
11523.333333,enter_buffer,55,0,1,0,1,0,0,2,True,,transport_unload
11523.333333,enter,55,0,1,0,0,1,0,2,True,,transport_unload
11543.333333,enter,55,0,1,0,0,0,1,2,True,,assembly
11656.666667,leave,56,0,0,1,0,0,1,2,True,,transport_travel
11670.0,enter_buffer,56,0,0,0,1,0,1,2,True,,transport_unload
11670.0,enter,56,0,0,0,0,1,1,2,True,,transport_unload
11734.166667,carrier_released,55,1,0,0,0,1,0,2,True,,inspection
11734.166667,enter,56,1,0,0,0,0,1,2,True,,inspection
11734.166667,carrier_seized,57,0,1,0,0,0,1,2,True,0,inspection
11794.166667,carrier_released,56,1,1,0,0,0,0,2,True,,walking
11931.666667,leave,57,1,0,1,0,0,0,2,True,,transport_travel
11931.666667,carrier_seized,58,0,1,1,0,0,0,2,True,0,transport_travel
11945.0,enter_buffer,57,0,1,0,1,0,0,2,True,,transport_unload
11945.0,enter,57,0,1,0,0,1,0,2,True,,transport_unload
11965.0,enter,57,0,1,0,0,0,1,2,True,,assembly
12078.333333,leave,58,0,0,1,0,0,1,2,True,,transport_travel
12091.666667,enter_buffer,58,0,0,0,1,0,1,2,True,,walking
12091.666667,enter,58,0,0,0,0,1,1,2,True,,walking
12155.833333,carrier_released,57,1,0,0,0,1,0,2,True,,inspection
12155.833333,enter,58,1,0,0,0,0,1,2,True,,inspection
12155.833333,carrier_seized,59,0,1,0,0,0,1,2,True,0,inspection
12215.833333,carrier_released,58,1,1,0,0,0,0,2,True,,walking
12353.333333,leave,59,1,0,1,0,0,0,2,True,,transport_travel
12353.333333,carrier_seized,60,0,1,1,0,0,0,2,True,0,transport_travel
12366.666667,enter_buffer,59,0,1,0,1,0,0,2,True,,walking
12366.666667,enter,59,0,1,0,0,1,0,2,True,,walking
12386.666667,enter,59,0,1,0,0,0,1,2,True,,assembly
12500.0,leave,60,0,0,1,0,0,1,2,True,,transport_travel
12513.333333,enter_buffer,60,0,0,0,1,0,1,2,True,,transport_unload
12513.333333,enter,60,0,0,0,0,1,1,2,True,,transport_unload
12577.5,carrier_released,59,1,0,0,0,1,0,2,True,,inspection
12577.5,enter,60,1,0,0,0,0,1,2,True,,inspection
12577.5,carrier_seized,61,0,1,0,0,0,1,2,True,0,inspection
12637.5,carrier_released,60,1,1,0,0,0,0,2,True,,walking
12775.0,leave,61,1,0,1,0,0,0,2,True,,transport_travel
12775.0,carrier_seized,62,0,1,1,0,0,0,2,True,0,transport_travel
12788.333333,enter_buffer,61,0,1,0,1,0,0,2,True,,transport_unload
12788.333333,enter,61,0,1,0,0,1,0,2,True,,transport_unload
12808.333333,enter,61,0,1,0,0,0,1,2,True,,assembly
12921.666667,leave,62,0,0,1,0,0,1,2,True,,transport_travel
12935.0,enter_buffer,62,0,0,0,1,0,1,2,True,,transport_unload
12935.0,enter,62,0,0,0,0,1,1,2,True,,transport_unload
12999.166667,carrier_released,61,1,0,0,0,1,0,2,True,,inspection
12999.166667,enter,62,1,0,0,0,0,1,2,True,,inspection
12999.166667,carrier_seized,63,0,1,0,0,0,1,2,True,0,inspection
13059.166667,carrier_released,62,1,1,0,0,0,0,2,True,,walking
13196.666667,leave,63,1,0,1,0,0,0,2,True,,transport_travel
13196.666667,carrier_seized,64,0,1,1,0,0,0,2,True,0,transport_travel
13210.0,enter_buffer,63,0,1,0,1,0,0,2,True,,transport_unload
13210.0,enter,63,0,1,0,0,1,0,2,True,,transport_unload
13230.0,enter,63,0,1,0,0,0,1,2,True,,assembly
13343.333333,leave,64,0,0,1,0,0,1,2,True,,transport_travel
13356.666667,enter_buffer,64,0,0,0,1,0,1,2,True,,walking
13356.666667,enter,64,0,0,0,0,1,1,2,True,,walking
13420.833333,carrier_released,63,1,0,0,0,1,0,2,True,,inspection
13420.833333,enter,64,1,0,0,0,0,1,2,True,,inspection
13420.833333,carrier_seized,65,0,1,0,0,0,1,2,True,0,inspection
13480.833333,carrier_released,64,1,1,0,0,0,0,2,True,,walking
13618.333333,leave,65,1,0,1,0,0,0,2,True,,transport_travel
13618.333333,carrier_seized,66,0,1,1,0,0,0,2,True,0,transport_travel
13631.666667,enter_buffer,65,0,1,0,1,0,0,2,True,,walking
13631.666667,enter,65,0,1,0,0,1,0,2,True,,walking
13651.666667,enter,65,0,1,0,0,0,1,2,True,,assembly
13765.0,leave,66,0,0,1,0,0,1,2,True,,transport_travel
13778.333333,enter_buffer,66,0,0,0,1,0,1,2,True,,transport_unload
13778.333333,enter,66,0,0,0,0,1,1,2,True,,transport_unload
13842.5,carrier_released,65,1,0,0,0,1,0,2,True,,inspection
13842.5,enter,66,1,0,0,0,0,1,2,True,,inspection
13842.5,carrier_seized,67,0,1,0,0,0,1,2,True,0,inspection
13902.5,carrier_released,66,1,1,0,0,0,0,2,True,,walking
14040.0,leave,67,1,0,1,0,0,0,2,True,,transport_travel
14040.0,carrier_seized,68,0,1,1,0,0,0,2,True,0,transport_travel
14053.333333,enter_buffer,67,0,1,0,1,0,0,2,True,,transport_unload
14053.333333,enter,67,0,1,0,0,1,0,2,True,,transport_unload
14073.333333,enter,67,0,1,0,0,0,1,2,True,,assembly
14186.666667,leave,68,0,0,1,0,0,1,2,True,,transport_travel
14200.0,enter_buffer,68,0,0,0,1,0,1,2,True,,transport_unload
14200.0,enter,68,0,0,0,0,1,1,2,True,,transport_unload
14264.166667,carrier_released,67,1,0,0,0,1,0,2,True,,inspection
14264.166667,enter,68,1,0,0,0,0,1,2,True,,inspection
14264.166667,carrier_seized,69,0,1,0,0,0,1,2,True,0,inspection
14324.166667,carrier_released,68,1,1,0,0,0,0,2,True,,walking
14461.666667,leave,69,1,0,1,0,0,0,2,True,,transport_travel
14461.666667,carrier_seized,70,0,1,1,0,0,0,2,True,0,transport_travel
14475.0,enter_buffer,69,0,1,0,1,0,0,2,True,,transport_unload
14475.0,enter,69,0,1,0,0,1,0,2,True,,transport_unload
14495.0,enter,69,0,1,0,0,0,1,2,True,,assembly
14608.333333,leave,70,0,0,1,0,0,1,2,True,,transport_travel
14621.666667,enter_buffer,70,0,0,0,1,0,1,2,True,,walking
14621.666667,enter,70,0,0,0,0,1,1,2,True,,walking
14685.833333,carrier_released,69,1,0,0,0,1,0,2,True,,inspection
14685.833333,enter,70,1,0,0,0,0,1,2,True,,inspection
14685.833333,carrier_seized,71,0,1,0,0,0,1,2,True,0,inspection
14745.833333,carrier_released,70,1,1,0,0,0,0,2,True,,walking
14883.333333,leave,71,1,0,1,0,0,0,2,True,,transport_travel
14883.333333,carrier_seized,72,0,1,1,0,0,0,2,True,0,transport_travel
14896.666667,enter_buffer,71,0,1,0,1,0,0,2,True,,walking
14896.666667,enter,71,0,1,0,0,1,0,2,True,,walking
14916.666667,enter,71,0,1,0,0,0,1,2,True,,assembly
15030.0,leave,72,0,0,1,0,0,1,2,True,,transport_travel
15043.333333,enter_buffer,72,0,0,0,1,0,1,2,True,,transport_unload
15043.333333,enter,72,0,0,0,0,1,1,2,True,,transport_unload
15107.5,carrier_released,71,1,0,0,0,1,0,2,True,,inspection
15107.5,enter,72,1,0,0,0,0,1,2,True,,inspection
15107.5,carrier_seized,73,0,1,0,0,0,1,2,True,0,inspection
15167.5,carrier_released,72,1,1,0,0,0,0,2,True,,walking
15305.0,leave,73,1,0,1,0,0,0,2,True,,transport_travel
15305.0,carrier_seized,74,0,1,1,0,0,0,2,True,0,transport_travel
15318.333333,enter_buffer,73,0,1,0,1,0,0,2,True,,transport_unload
15318.333333,enter,73,0,1,0,0,1,0,2,True,,transport_unload
15338.333333,enter,73,0,1,0,0,0,1,2,True,,assembly
15451.666667,leave,74,0,0,1,0,0,1,2,True,,transport_travel
15465.0,enter_buffer,74,0,0,0,1,0,1,2,True,,transport_unload
15465.0,enter,74,0,0,0,0,1,1,2,True,,transport_unload
15529.166667,carrier_released,73,1,0,0,0,1,0,2,True,,inspection
15529.166667,enter,74,1,0,0,0,0,1,2,True,,inspection
15529.166667,carrier_seized,75,0,1,0,0,0,1,2,True,0,inspection
15589.166667,carrier_released,74,1,1,0,0,0,0,2,True,,walking
15726.666667,leave,75,1,0,1,0,0,0,2,True,,transport_travel
15726.666667,carrier_seized,76,0,1,1,0,0,0,2,True,0,transport_travel
15740.0,enter_buffer,75,0,1,0,1,0,0,2,True,,transport_unload
15740.0,enter,75,0,1,0,0,1,0,2,True,,transport_unload
15760.0,enter,75,0,1,0,0,0,1,2,True,,assembly
15873.333333,leave,76,0,0,1,0,0,1,2,True,,transport_travel
15886.666667,enter_buffer,76,0,0,0,1,0,1,2,True,,walking
15886.666667,enter,76,0,0,0,0,1,1,2,True,,walking
15950.833333,carrier_released,75,1,0,0,0,1,0,2,True,,inspection
15950.833333,enter,76,1,0,0,0,0,1,2,True,,inspection
15950.833333,carrier_seized,77,0,1,0,0,0,1,2,True,0,inspection
16010.833333,carrier_released,76,1,1,0,0,0,0,2,True,,walking
16148.333333,leave,77,1,0,1,0,0,0,2,True,,transport_travel
16148.333333,carrier_seized,78,0,1,1,0,0,0,2,True,0,transport_travel
16161.666667,enter_buffer,77,0,1,0,1,0,0,2,True,,walking
16161.666667,enter,77,0,1,0,0,1,0,2,True,,walking
16181.666667,enter,77,0,1,0,0,0,1,2,True,,assembly
16295.0,leave,78,0,0,1,0,0,1,2,True,,transport_travel
16308.333333,enter_buffer,78,0,0,0,1,0,1,2,True,,transport_unload
16308.333333,enter,78,0,0,0,0,1,1,2,True,,transport_unload
16372.5,carrier_released,77,1,0,0,0,1,0,2,True,,inspection
16372.5,enter,78,1,0,0,0,0,1,2,True,,inspection
16372.5,carrier_seized,79,0,1,0,0,0,1,2,True,0,inspection
16432.5,carrier_released,78,1,1,0,0,0,0,2,True,,walking
16570.0,leave,79,1,0,1,0,0,0,2,True,,transport_travel
16570.0,carrier_seized,80,0,1,1,0,0,0,2,True,0,transport_travel
16583.333333,enter_buffer,79,0,1,0,1,0,0,2,True,,transport_unload
16583.333333,enter,79,0,1,0,0,1,0,2,True,,transport_unload
16603.333333,enter,79,0,1,0,0,0,1,2,True,,assembly
16716.666667,leave,80,0,0,1,0,0,1,2,True,,transport_travel
16730.0,enter_buffer,80,0,0,0,1,0,1,2,True,,transport_unload
16730.0,enter,80,0,0,0,0,1,1,2,True,,transport_unload
16794.166667,carrier_released,79,1,0,0,0,1,0,2,True,,inspection
16794.166667,enter,80,1,0,0,0,0,1,2,True,,inspection
16794.166667,carrier_seized,81,0,1,0,0,0,1,2,True,0,inspection
16854.166667,carrier_released,80,1,1,0,0,0,0,2,True,,walking
16991.666667,leave,81,1,0,1,0,0,0,2,True,,transport_travel
16991.666667,carrier_seized,82,0,1,1,0,0,0,2,True,0,transport_travel
17005.0,enter_buffer,81,0,1,0,1,0,0,2,True,,transport_unload
17005.0,enter,81,0,1,0,0,1,0,2,True,,transport_unload
17025.0,enter,81,0,1,0,0,0,1,2,True,,assembly
17138.333333,leave,82,0,0,1,0,0,1,2,True,,transport_travel
17151.666667,enter_buffer,82,0,0,0,1,0,1,2,True,,walking
17151.666667,enter,82,0,0,0,0,1,1,2,True,,walking
17215.833333,carrier_released,81,1,0,0,0,1,0,2,True,,inspection
17215.833333,enter,82,1,0,0,0,0,1,2,True,,inspection
17215.833333,carrier_seized,83,0,1,0,0,0,1,2,True,0,inspection
17275.833333,carrier_released,82,1,1,0,0,0,0,2,True,,walking
17413.333333,leave,83,1,0,1,0,0,0,2,True,,transport_travel
17413.333333,carrier_seized,84,0,1,1,0,0,0,2,True,0,transport_travel
17426.666667,enter_buffer,83,0,1,0,1,0,0,2,True,,walking
17426.666667,enter,83,0,1,0,0,1,0,2,True,,walking
17446.666667,enter,83,0,1,0,0,0,1,2,True,,assembly
17560.0,leave,84,0,0,1,0,0,1,2,True,,transport_travel
17573.333333,enter_buffer,84,0,0,0,1,0,1,2,True,,transport_unload
17573.333333,enter,84,0,0,0,0,1,1,2,True,,transport_unload
17637.5,carrier_released,83,1,0,0,0,1,0,2,True,,inspection
17637.5,enter,84,1,0,0,0,0,1,2,True,,inspection
17637.5,carrier_seized,85,0,1,0,0,0,1,2,True,0,inspection
17697.5,carrier_released,84,1,1,0,0,0,0,2,True,,walking
17835.0,leave,85,1,0,1,0,0,0,2,True,,transport_travel
17835.0,carrier_seized,86,0,1,1,0,0,0,2,True,0,transport_travel
17848.333333,enter_buffer,85,0,1,0,1,0,0,2,True,,transport_unload
17848.333333,enter,85,0,1,0,0,1,0,2,True,,transport_unload
17868.333333,enter,85,0,1,0,0,0,1,2,True,,assembly
17981.666667,leave,86,0,0,1,0,0,1,2,True,,transport_travel
17995.0,enter_buffer,86,0,0,0,1,0,1,2,True,,transport_unload
17995.0,enter,86,0,0,0,0,1,1,2,True,,transport_unload
18059.166667,carrier_released,85,1,0,0,0,1,0,2,True,,inspection
18059.166667,enter,86,1,0,0,0,0,1,2,True,,inspection
18059.166667,carrier_seized,87,0,1,0,0,0,1,2,True,0,inspection
18119.166667,carrier_released,86,1,1,0,0,0,0,2,True,,walking
18256.666667,leave,87,1,0,1,0,0,0,2,True,,transport_travel
18256.666667,carrier_seized,88,0,1,1,0,0,0,2,True,0,transport_travel
18270.0,enter_buffer,87,0,1,0,1,0,0,2,True,,transport_unload
18270.0,enter,87,0,1,0,0,1,0,2,True,,transport_unload
18290.0,enter,87,0,1,0,0,0,1,2,True,,assembly
18403.333333,leave,88,0,0,1,0,0,1,2,True,,transport_travel
18416.666667,enter_buffer,88,0,0,0,1,0,1,2,True,,walking
18416.666667,enter,88,0,0,0,0,1,1,2,True,,walking
18480.833333,carrier_released,87,1,0,0,0,1,0,2,True,,inspection
18480.833333,enter,88,1,0,0,0,0,1,2,True,,inspection
18480.833333,carrier_seized,89,0,1,0,0,0,1,2,True,0,inspection
18540.833333,carrier_released,88,1,1,0,0,0,0,2,True,,walking
18678.333333,leave,89,1,0,1,0,0,0,2,True,,transport_travel
18678.333333,carrier_seized,90,0,1,1,0,0,0,2,True,0,transport_travel
18691.666667,enter_buffer,89,0,1,0,1,0,0,2,True,,walking
18691.666667,enter,89,0,1,0,0,1,0,2,True,,walking
18711.666667,enter,89,0,1,0,0,0,1,2,True,,assembly
18825.0,leave,90,0,0,1,0,0,1,2,True,,transport_travel
18838.333333,enter_buffer,90,0,0,0,1,0,1,2,True,,transport_unload
18838.333333,enter,90,0,0,0,0,1,1,2,True,,transport_unload
18902.5,carrier_released,89,1,0,0,0,1,0,2,True,,inspection
18902.5,enter,90,1,0,0,0,0,1,2,True,,inspection
18902.5,carrier_seized,91,0,1,0,0,0,1,2,True,0,inspection
18962.5,carrier_released,90,1,1,0,0,0,0,2,True,,walking
19100.0,leave,91,1,0,1,0,0,0,2,True,,transport_travel
19100.0,carrier_seized,92,0,1,1,0,0,0,2,True,0,transport_travel
19113.333333,enter_buffer,91,0,1,0,1,0,0,2,True,,transport_unload
19113.333333,enter,91,0,1,0,0,1,0,2,True,,transport_unload
19133.333333,enter,91,0,1,0,0,0,1,2,True,,assembly
19246.666667,leave,92,0,0,1,0,0,1,2,True,,transport_travel
19260.0,enter_buffer,92,0,0,0,1,0,1,2,True,,transport_unload
19260.0,enter,92,0,0,0,0,1,1,2,True,,transport_unload
19324.166667,carrier_released,91,1,0,0,0,1,0,2,True,,inspection
19324.166667,enter,92,1,0,0,0,0,1,2,True,,inspection
19324.166667,carrier_seized,93,0,1,0,0,0,1,2,True,0,inspection
19384.166667,carrier_released,92,1,1,0,0,0,0,2,True,,walking
19521.666667,leave,93,1,0,1,0,0,0,2,True,,transport_travel
19521.666667,carrier_seized,94,0,1,1,0,0,0,2,True,0,transport_travel
19535.0,enter_buffer,93,0,1,0,1,0,0,2,True,,transport_unload
19535.0,enter,93,0,1,0,0,1,0,2,True,,transport_unload
19555.0,enter,93,0,1,0,0,0,1,2,True,,assembly
19668.333333,leave,94,0,0,1,0,0,1,2,True,,transport_travel
19681.666667,enter_buffer,94,0,0,0,1,0,1,2,True,,walking
19681.666667,enter,94,0,0,0,0,1,1,2,True,,walking
19745.833333,carrier_released,93,1,0,0,0,1,0,2,True,,inspection
19745.833333,enter,94,1,0,0,0,0,1,2,True,,inspection
19745.833333,carrier_seized,95,0,1,0,0,0,1,2,True,0,inspection
19805.833333,carrier_released,94,1,1,0,0,0,0,2,True,,walking
19943.333333,leave,95,1,0,1,0,0,0,2,True,,transport_travel
19943.333333,carrier_seized,96,0,1,1,0,0,0,2,True,0,transport_travel
19956.666667,enter_buffer,95,0,1,0,1,0,0,2,True,,walking
19956.666667,enter,95,0,1,0,0,1,0,2,True,,walking
19976.666667,enter,95,0,1,0,0,0,1,2,True,,assembly
20090.0,leave,96,0,0,1,0,0,1,2,True,,transport_travel
20103.333333,enter_buffer,96,0,0,0,1,0,1,2,True,,transport_unload
20103.333333,enter,96,0,0,0,0,1,1,2,True,,transport_unload
20167.5,carrier_released,95,1,0,0,0,1,0,2,True,,inspection
20167.5,enter,96,1,0,0,0,0,1,2,True,,inspection
20167.5,carrier_seized,97,0,1,0,0,0,1,2,True,0,inspection
20227.5,carrier_released,96,1,1,0,0,0,0,2,True,,walking
20365.0,leave,97,1,0,1,0,0,0,2,True,,transport_travel
20365.0,carrier_seized,98,0,1,1,0,0,0,2,True,0,transport_travel
20378.333333,enter_buffer,97,0,1,0,1,0,0,2,True,,transport_unload
20378.333333,enter,97,0,1,0,0,1,0,2,True,,transport_unload
20398.333333,enter,97,0,1,0,0,0,1,2,True,,assembly
20511.666667,leave,98,0,0,1,0,0,1,2,True,,transport_travel
20525.0,enter_buffer,98,0,0,0,1,0,1,2,True,,transport_unload
20525.0,enter,98,0,0,0,0,1,1,2,True,,transport_unload
20589.166667,carrier_released,97,1,0,0,0,1,0,2,True,,inspection
20589.166667,enter,98,1,0,0,0,0,1,2,True,,inspection
20589.166667,carrier_seized,99,0,1,0,0,0,1,2,True,0,inspection
20649.166667,carrier_released,98,1,1,0,0,0,0,2,True,,walking
20786.666667,leave,99,1,0,1,0,0,0,2,True,,transport_travel
20786.666667,carrier_seized,100,0,1,1,0,0,0,2,True,0,transport_travel
20800.0,enter_buffer,99,0,1,0,1,0,0,2,True,,transport_unload
20800.0,enter,99,0,1,0,0,1,0,2,True,,transport_unload
20820.0,enter,99,0,1,0,0,0,1,2,True,,assembly
20933.333333,leave,100,0,0,1,0,0,1,2,True,,transport_travel
20946.666667,enter_buffer,100,0,0,0,1,0,1,2,True,,walking
20946.666667,enter,100,0,0,0,0,1,1,2,True,,walking
21010.833333,carrier_released,99,1,0,0,0,1,0,2,True,,inspection
21010.833333,enter,100,1,0,0,0,0,1,2,True,,inspection
21010.833333,carrier_seized,101,0,1,0,0,0,1,2,True,0,inspection
21070.833333,carrier_released,100,1,1,0,0,0,0,2,True,,walking
21208.333333,leave,101,1,0,1,0,0,0,2,True,,transport_travel
21208.333333,carrier_seized,102,0,1,1,0,0,0,2,True,0,transport_travel
21221.666667,enter_buffer,101,0,1,0,1,0,0,2,True,,walking
21221.666667,enter,101,0,1,0,0,1,0,2,True,,walking
21241.666667,enter,101,0,1,0,0,0,1,2,True,,assembly
21355.0,leave,102,0,0,1,0,0,1,2,True,,transport_travel
21368.333333,enter_buffer,102,0,0,0,1,0,1,2,True,,transport_unload
21368.333333,enter,102,0,0,0,0,1,1,2,True,,transport_unload
21432.5,carrier_released,101,1,0,0,0,1,0,2,True,,inspection
21432.5,enter,102,1,0,0,0,0,1,2,True,,inspection
21432.5,carrier_seized,103,0,1,0,0,0,1,2,True,0,inspection
21492.5,carrier_released,102,1,1,0,0,0,0,2,True,,walking
21630.0,leave,103,1,0,1,0,0,0,2,True,,transport_travel
21630.0,carrier_seized,104,0,1,1,0,0,0,2,True,0,transport_travel
21643.333333,enter_buffer,103,0,1,0,1,0,0,2,True,,transport_unload
21643.333333,enter,103,0,1,0,0,1,0,2,True,,transport_unload
21663.333333,enter,103,0,1,0,0,0,1,2,True,,assembly
21776.666667,leave,104,0,0,1,0,0,1,2,True,,transport_travel
21790.0,enter_buffer,104,0,0,0,1,0,1,2,True,,transport_unload
21790.0,enter,104,0,0,0,0,1,1,2,True,,transport_unload
21854.166667,carrier_released,103,1,0,0,0,1,0,2,True,,inspection
21854.166667,enter,104,1,0,0,0,0,1,2,True,,inspection
21854.166667,carrier_seized,105,0,1,0,0,0,1,2,True,0,inspection
21914.166667,carrier_released,104,1,1,0,0,0,0,2,True,,walking
22051.666667,leave,105,1,0,1,0,0,0,2,True,,transport_travel
22051.666667,carrier_seized,106,0,1,1,0,0,0,2,True,0,transport_travel
22065.0,enter_buffer,105,0,1,0,1,0,0,2,True,,transport_unload
22065.0,enter,105,0,1,0,0,1,0,2,True,,transport_unload
22085.0,enter,105,0,1,0,0,0,1,2,True,,assembly
22198.333333,leave,106,0,0,1,0,0,1,2,True,,transport_travel
22211.666667,enter_buffer,106,0,0,0,1,0,1,2,True,,walking
22211.666667,enter,106,0,0,0,0,1,1,2,True,,walking
22275.833333,carrier_released,105,1,0,0,0,1,0,2,True,,inspection
22275.833333,enter,106,1,0,0,0,0,1,2,True,,inspection
22275.833333,carrier_seized,107,0,1,0,0,0,1,2,True,0,inspection
22335.833333,carrier_released,106,1,1,0,0,0,0,2,True,,walking
22473.333333,leave,107,1,0,1,0,0,0,2,True,,transport_travel
22473.333333,carrier_seized,108,0,1,1,0,0,0,2,True,0,transport_travel
22486.666667,enter_buffer,107,0,1,0,1,0,0,2,True,,walking
22486.666667,enter,107,0,1,0,0,1,0,2,True,,walking
22506.666667,enter,107,0,1,0,0,0,1,2,True,,assembly
22620.0,leave,108,0,0,1,0,0,1,2,True,,transport_travel
22633.333333,enter_buffer,108,0,0,0,1,0,1,2,True,,transport_unload
22633.333333,enter,108,0,0,0,0,1,1,2,True,,transport_unload
22697.5,carrier_released,107,1,0,0,0,1,0,2,True,,inspection
22697.5,enter,108,1,0,0,0,0,1,2,True,,inspection
22697.5,carrier_seized,109,0,1,0,0,0,1,2,True,0,inspection
22757.5,carrier_released,108,1,1,0,0,0,0,2,True,,walking
22895.0,leave,109,1,0,1,0,0,0,2,True,,transport_travel
22895.0,carrier_seized,110,0,1,1,0,0,0,2,True,0,transport_travel
22908.333333,enter_buffer,109,0,1,0,1,0,0,2,True,,transport_unload
22908.333333,enter,109,0,1,0,0,1,0,2,True,,transport_unload
22928.333333,enter,109,0,1,0,0,0,1,2,True,,assembly
23041.666667,leave,110,0,0,1,0,0,1,2,True,,transport_travel
23055.0,enter_buffer,110,0,0,0,1,0,1,2,True,,transport_unload
23055.0,enter,110,0,0,0,0,1,1,2,True,,transport_unload
23119.166667,carrier_released,109,1,0,0,0,1,0,2,True,,inspection
23119.166667,enter,110,1,0,0,0,0,1,2,True,,inspection
23119.166667,carrier_seized,111,0,1,0,0,0,1,2,True,0,inspection
23179.166667,carrier_released,110,1,1,0,0,0,0,2,True,,walking
23316.666667,leave,111,1,0,1,0,0,0,2,True,,transport_travel
23316.666667,carrier_seized,112,0,1,1,0,0,0,2,True,0,transport_travel
23330.0,enter_buffer,111,0,1,0,1,0,0,2,True,,transport_unload
23330.0,enter,111,0,1,0,0,1,0,2,True,,transport_unload
23350.0,enter,111,0,1,0,0,0,1,2,True,,assembly
23463.333333,leave,112,0,0,1,0,0,1,2,True,,transport_travel
23476.666667,enter_buffer,112,0,0,0,1,0,1,2,True,,walking
23476.666667,enter,112,0,0,0,0,1,1,2,True,,walking
23540.833333,carrier_released,111,1,0,0,0,1,0,2,True,,inspection
23540.833333,enter,112,1,0,0,0,0,1,2,True,,inspection
23540.833333,carrier_seized,113,0,1,0,0,0,1,2,True,0,inspection
23600.833333,carrier_released,112,1,1,0,0,0,0,2,True,,walking
23738.333333,leave,113,1,0,1,0,0,0,2,True,,transport_travel
23738.333333,carrier_seized,114,0,1,1,0,0,0,2,True,0,transport_travel
23751.666667,enter_buffer,113,0,1,0,1,0,0,2,True,,walking
23751.666667,enter,113,0,1,0,0,1,0,2,True,,walking
23771.666667,enter,113,0,1,0,0,0,1,2,True,,assembly
23885.0,leave,114,0,0,1,0,0,1,2,True,,transport_travel
23898.333333,enter_buffer,114,0,0,0,1,0,1,2,True,,transport_unload
23898.333333,enter,114,0,0,0,0,1,1,2,True,,transport_unload
23962.5,carrier_released,113,1,0,0,0,1,0,2,True,,inspection
23962.5,enter,114,1,0,0,0,0,1,2,True,,inspection
23962.5,carrier_seized,115,0,1,0,0,0,1,2,True,0,inspection
24022.5,carrier_released,114,1,1,0,0,0,0,2,True,,walking
24160.0,leave,115,1,0,1,0,0,0,2,True,,transport_travel
24160.0,carrier_seized,116,0,1,1,0,0,0,2,True,0,transport_travel
24173.333333,enter_buffer,115,0,1,0,1,0,0,2,True,,transport_unload
24173.333333,enter,115,0,1,0,0,1,0,2,True,,transport_unload
24193.333333,enter,115,0,1,0,0,0,1,2,True,,assembly
24306.666667,leave,116,0,0,1,0,0,1,2,True,,transport_travel
24320.0,enter_buffer,116,0,0,0,1,0,1,2,True,,transport_unload
24320.0,enter,116,0,0,0,0,1,1,2,True,,transport_unload
24384.166667,carrier_released,115,1,0,0,0,1,0,2,True,,inspection
24384.166667,enter,116,1,0,0,0,0,1,2,True,,inspection
24384.166667,carrier_seized,117,0,1,0,0,0,1,2,True,0,inspection
24444.166667,carrier_released,116,1,1,0,0,0,0,2,True,,walking
24581.666667,leave,117,1,0,1,0,0,0,2,True,,transport_travel
24581.666667,carrier_seized,118,0,1,1,0,0,0,2,True,0,transport_travel
24595.0,enter_buffer,117,0,1,0,1,0,0,2,True,,transport_unload
24595.0,enter,117,0,1,0,0,1,0,2,True,,transport_unload
24615.0,enter,117,0,1,0,0,0,1,2,True,,assembly
24728.333333,leave,118,0,0,1,0,0,1,2,True,,transport_travel
24741.666667,enter_buffer,118,0,0,0,1,0,1,2,True,,walking
24741.666667,enter,118,0,0,0,0,1,1,2,True,,walking
24805.833333,carrier_released,117,1,0,0,0,1,0,2,True,,inspection
24805.833333,enter,118,1,0,0,0,0,1,2,True,,inspection
24805.833333,carrier_seized,119,0,1,0,0,0,1,2,True,0,inspection
24865.833333,carrier_released,118,1,1,0,0,0,0,2,True,,walking
25003.333333,leave,119,1,0,1,0,0,0,2,True,,transport_travel
25003.333333,carrier_seized,120,0,1,1,0,0,0,2,True,0,transport_travel
25016.666667,enter_buffer,119,0,1,0,1,0,0,2,True,,walking
25016.666667,enter,119,0,1,0,0,1,0,2,True,,walking
25036.666667,enter,119,0,1,0,0,0,1,2,True,,assembly
25150.0,leave,120,0,0,1,0,0,1,2,True,,transport_travel
25163.333333,enter_buffer,120,0,0,0,1,0,1,2,True,,transport_unload
25163.333333,enter,120,0,0,0,0,1,1,2,True,,transport_unload
25227.5,carrier_released,119,1,0,0,0,1,0,2,True,,inspection
25227.5,enter,120,1,0,0,0,0,1,2,True,,inspection
25227.5,carrier_seized,121,0,1,0,0,0,1,2,True,0,inspection
25287.5,carrier_released,120,1,1,0,0,0,0,2,True,,walking
25425.0,leave,121,1,0,1,0,0,0,2,True,,transport_travel
25425.0,carrier_seized,122,0,1,1,0,0,0,2,True,0,transport_travel
25438.333333,enter_buffer,121,0,1,0,1,0,0,2,True,,transport_unload
25438.333333,enter,121,0,1,0,0,1,0,2,True,,transport_unload
25458.333333,enter,121,0,1,0,0,0,1,2,True,,assembly
25571.666667,leave,122,0,0,1,0,0,1,2,True,,transport_travel
25585.0,enter_buffer,122,0,0,0,1,0,1,2,True,,transport_unload
25585.0,enter,122,0,0,0,0,1,1,2,True,,transport_unload
25649.166667,carrier_released,121,1,0,0,0,1,0,2,True,,inspection
25649.166667,enter,122,1,0,0,0,0,1,2,True,,inspection
25649.166667,carrier_seized,123,0,1,0,0,0,1,2,True,0,inspection
25709.166667,carrier_released,122,1,1,0,0,0,0,2,True,,walking
25846.666667,leave,123,1,0,1,0,0,0,2,True,,transport_travel
25846.666667,carrier_seized,124,0,1,1,0,0,0,2,True,0,transport_travel
25860.0,enter_buffer,123,0,1,0,1,0,0,2,True,,transport_unload
25860.0,enter,123,0,1,0,0,1,0,2,True,,transport_unload
25880.0,enter,123,0,1,0,0,0,1,2,True,,assembly
25993.333333,leave,124,0,0,1,0,0,1,2,True,,transport_travel
26006.666667,enter_buffer,124,0,0,0,1,0,1,2,True,,walking
26006.666667,enter,124,0,0,0,0,1,1,2,True,,walking
26070.833333,carrier_released,123,1,0,0,0,1,0,2,True,,inspection
26070.833333,enter,124,1,0,0,0,0,1,2,True,,inspection
26070.833333,carrier_seized,125,0,1,0,0,0,1,2,True,0,inspection
26130.833333,carrier_released,124,1,1,0,0,0,0,2,True,,walking
26268.333333,leave,125,1,0,1,0,0,0,2,True,,transport_travel
26268.333333,carrier_seized,126,0,1,1,0,0,0,2,True,0,transport_travel
26281.666667,enter_buffer,125,0,1,0,1,0,0,2,True,,walking
26281.666667,enter,125,0,1,0,0,1,0,2,True,,walking
26301.666667,enter,125,0,1,0,0,0,1,2,True,,assembly
26415.0,leave,126,0,0,1,0,0,1,2,True,,transport_travel
26428.333333,enter_buffer,126,0,0,0,1,0,1,2,True,,transport_unload
26428.333333,enter,126,0,0,0,0,1,1,2,True,,transport_unload
26492.5,carrier_released,125,1,0,0,0,1,0,2,True,,inspection
26492.5,enter,126,1,0,0,0,0,1,2,True,,inspection
26492.5,carrier_seized,127,0,1,0,0,0,1,2,True,0,inspection
26552.5,carrier_released,126,1,1,0,0,0,0,2,True,,walking
26690.0,leave,127,1,0,1,0,0,0,2,True,,transport_travel
26690.0,carrier_seized,128,0,1,1,0,0,0,2,True,0,transport_travel
26703.333333,enter_buffer,127,0,1,0,1,0,0,2,True,,transport_unload
26703.333333,enter,127,0,1,0,0,1,0,2,True,,transport_unload
26723.333333,enter,127,0,1,0,0,0,1,2,True,,assembly
26836.666667,leave,128,0,0,1,0,0,1,2,True,,transport_travel
26850.0,enter_buffer,128,0,0,0,1,0,1,2,True,,transport_unload
26850.0,enter,128,0,0,0,0,1,1,2,True,,transport_unload
26914.166667,carrier_released,127,1,0,0,0,1,0,2,True,,inspection
26914.166667,enter,128,1,0,0,0,0,1,2,True,,inspection
26914.166667,carrier_seized,129,0,1,0,0,0,1,2,True,0,inspection
26974.166667,carrier_released,128,1,1,0,0,0,0,2,True,,walking
27111.666667,leave,129,1,0,1,0,0,0,2,True,,transport_travel
27111.666667,carrier_seized,130,0,1,1,0,0,0,2,True,0,transport_travel
27125.0,enter_buffer,129,0,1,0,1,0,0,2,True,,transport_unload
27125.0,enter,129,0,1,0,0,1,0,2,True,,transport_unload
27145.0,enter,129,0,1,0,0,0,1,2,True,,assembly
27258.333333,leave,130,0,0,1,0,0,1,2,True,,transport_travel
27271.666667,enter_buffer,130,0,0,0,1,0,1,2,True,,walking
27271.666667,enter,130,0,0,0,0,1,1,2,True,,walking
27335.833333,carrier_released,129,1,0,0,0,1,0,2,True,,inspection
27335.833333,enter,130,1,0,0,0,0,1,2,True,,inspection
27335.833333,carrier_seized,131,0,1,0,0,0,1,2,True,0,inspection
27395.833333,carrier_released,130,1,1,0,0,0,0,2,True,,walking
27533.333333,leave,131,1,0,1,0,0,0,2,True,,transport_travel
27533.333333,carrier_seized,132,0,1,1,0,0,0,2,True,0,transport_travel
27546.666667,enter_buffer,131,0,1,0,1,0,0,2,True,,walking
27546.666667,enter,131,0,1,0,0,1,0,2,True,,walking
27566.666667,enter,131,0,1,0,0,0,1,2,True,,assembly
27680.0,leave,132,0,0,1,0,0,1,2,True,,transport_travel
27693.333333,enter_buffer,132,0,0,0,1,0,1,2,True,,transport_unload
27693.333333,enter,132,0,0,0,0,1,1,2,True,,transport_unload
27757.5,carrier_released,131,1,0,0,0,1,0,2,True,,inspection
27757.5,enter,132,1,0,0,0,0,1,2,True,,inspection
27757.5,carrier_seized,133,0,1,0,0,0,1,2,True,0,inspection
27817.5,carrier_released,132,1,1,0,0,0,0,2,True,,walking
27955.0,leave,133,1,0,1,0,0,0,2,True,,transport_travel
27955.0,carrier_seized,134,0,1,1,0,0,0,2,True,0,transport_travel
27968.333333,enter_buffer,133,0,1,0,1,0,0,2,True,,transport_unload
27968.333333,enter,133,0,1,0,0,1,0,2,True,,transport_unload
27988.333333,enter,133,0,1,0,0,0,1,2,True,,assembly
28101.666667,leave,134,0,0,1,0,0,1,2,True,,transport_travel
28115.0,enter_buffer,134,0,0,0,1,0,1,2,True,,transport_unload
28115.0,enter,134,0,0,0,0,1,1,2,True,,transport_unload
28179.166667,carrier_released,133,1,0,0,0,1,0,2,True,,inspection
28179.166667,enter,134,1,0,0,0,0,1,2,True,,inspection
28179.166667,carrier_seized,135,0,1,0,0,0,1,2,True,0,inspection
28239.166667,carrier_released,134,1,1,0,0,0,0,2,True,,walking
28376.666667,leave,135,1,0,1,0,0,0,2,True,,transport_travel
28376.666667,carrier_seized,136,0,1,1,0,0,0,2,True,0,transport_travel
28390.0,enter_buffer,135,0,1,0,1,0,0,2,True,,transport_unload
28390.0,enter,135,0,1,0,0,1,0,2,True,,transport_unload
28410.0,enter,135,0,1,0,0,0,1,2,True,,assembly
28523.333333,leave,136,0,0,1,0,0,1,2,True,,transport_travel
28536.666667,enter_buffer,136,0,0,0,1,0,1,2,True,,walking
28536.666667,enter,136,0,0,0,0,1,1,2,True,,walking
28600.833333,carrier_released,135,1,0,0,0,1,0,2,True,,inspection
28600.833333,enter,136,1,0,0,0,0,1,2,True,,inspection
28600.833333,carrier_seized,137,0,1,0,0,0,1,2,True,0,inspection
28660.833333,carrier_released,136,1,1,0,0,0,0,2,True,,walking
28798.333333,leave,137,1,0,1,0,0,0,2,True,,transport_travel
28798.333333,carrier_seized,138,0,1,1,0,0,0,2,True,0,transport_travel
