t,transport_state,feed_wip,buffer_de_entrada,manual_assembly(in process),transport_1(in process),entities_at_assembly,entities_in_transport_trip,entities_in_buffer,distinct_physical_units_counted,same_unit_counted_twice
120.0,blocked,2,0,1,1,[1],[1],[],1,True
120.0,waiting_resource,1,0,1,0,[1],[1],[],1,False
120.0,busy,2,0,1,1,[1],[1],[],1,True
138.333333,blocked,1,0,0,1,[2],[1],[],1,False
138.333333,starved,1,1,0,0,[2],[],[1],1,False
266.666667,blocked,2,0,1,1,[2],[2],[],1,True
266.666667,waiting_resource,1,0,1,0,[2],[2],[],1,False
266.666667,busy,2,0,1,1,[2],[2],[],1,True
285.0,blocked,1,0,0,1,[3],[2],[],1,False
285.0,starved,1,1,0,0,[3],[],[2],1,False
413.333333,blocked,2,0,1,1,[3],[3],[],1,True
413.333333,waiting_resource,1,0,1,0,[3],[3],[],1,False
498.333333,busy,2,0,1,1,[3],[3],[],1,True
516.666667,blocked,1,0,0,1,[4],[3],[],1,False
516.666667,starved,1,1,0,0,[4],[],[3],1,False
645.0,blocked,2,0,1,1,[4],[4],[],1,True
645.0,waiting_resource,1,0,1,0,[4],[4],[],1,False
730.0,busy,2,0,1,1,[4],[4],[],1,True
748.333333,blocked,1,0,0,1,[5],[4],[],1,False
748.333333,starved,1,1,0,0,[5],[],[4],1,False
876.666667,blocked,2,0,1,1,[5],[5],[],1,True
876.666667,waiting_resource,1,0,1,0,[5],[5],[],1,False
961.666667,busy,2,0,1,1,[5],[5],[],1,True
980.0,blocked,1,0,0,1,[6],[5],[],1,False
980.0,starved,1,1,0,0,[6],[],[5],1,False
1108.333333,blocked,2,0,1,1,[6],[6],[],1,True
1108.333333,waiting_resource,1,0,1,0,[6],[6],[],1,False
1193.333333,busy,2,0,1,1,[6],[6],[],1,True
1211.666667,blocked,1,0,0,1,[7],[6],[],1,False
1211.666667,starved,1,1,0,0,[7],[],[6],1,False
1340.0,blocked,2,0,1,1,[7],[7],[],1,True
1340.0,waiting_resource,1,0,1,0,[7],[7],[],1,False
1425.0,busy,2,0,1,1,[7],[7],[],1,True
1443.333333,blocked,1,0,0,1,[8],[7],[],1,False
1443.333333,starved,1,1,0,0,[8],[],[7],1,False
1571.666667,blocked,2,0,1,1,[8],[8],[],1,True
1571.666667,waiting_resource,1,0,1,0,[8],[8],[],1,False
1656.666667,busy,2,0,1,1,[8],[8],[],1,True
1675.0,blocked,1,0,0,1,[9],[8],[],1,False
1675.0,starved,1,1,0,0,[9],[],[8],1,False
1803.333333,blocked,2,0,1,1,[9],[9],[],1,True
1803.333333,waiting_resource,1,0,1,0,[9],[9],[],1,False
1888.333333,busy,2,0,1,1,[9],[9],[],1,True
1906.666667,blocked,1,0,0,1,[10],[9],[],1,False
1906.666667,starved,1,1,0,0,[10],[],[9],1,False
2035.0,blocked,2,0,1,1,[10],[10],[],1,True
2035.0,waiting_resource,1,0,1,0,[10],[10],[],1,False
2120.0,busy,2,0,1,1,[10],[10],[],1,True
2138.333333,blocked,1,0,0,1,[11],[10],[],1,False
2138.333333,starved,1,1,0,0,[11],[],[10],1,False
2266.666667,blocked,2,0,1,1,[11],[11],[],1,True
2266.666667,waiting_resource,1,0,1,0,[11],[11],[],1,False
2351.666667,busy,2,0,1,1,[11],[11],[],1,True
2370.0,blocked,1,0,0,1,[12],[11],[],1,False
2370.0,starved,1,1,0,0,[12],[],[11],1,False
2498.333333,blocked,2,0,1,1,[12],[12],[],1,True
2498.333333,waiting_resource,1,0,1,0,[12],[12],[],1,False
2583.333333,busy,2,0,1,1,[12],[12],[],1,True
2601.666667,blocked,1,0,0,1,[13],[12],[],1,False
2601.666667,starved,1,1,0,0,[13],[],[12],1,False
2730.0,blocked,2,0,1,1,[13],[13],[],1,True
2730.0,waiting_resource,1,0,1,0,[13],[13],[],1,False
2815.0,busy,2,0,1,1,[13],[13],[],1,True
2833.333333,blocked,1,0,0,1,[14],[13],[],1,False
2833.333333,starved,1,1,0,0,[14],[],[13],1,False
2961.666667,blocked,2,0,1,1,[14],[14],[],1,True
2961.666667,waiting_resource,1,0,1,0,[14],[14],[],1,False
3046.666667,busy,2,0,1,1,[14],[14],[],1,True
3065.0,blocked,1,0,0,1,[15],[14],[],1,False
3065.0,starved,1,1,0,0,[15],[],[14],1,False
3193.333333,blocked,2,0,1,1,[15],[15],[],1,True
3193.333333,waiting_resource,1,0,1,0,[15],[15],[],1,False
3278.333333,busy,2,0,1,1,[15],[15],[],1,True
3296.666667,blocked,1,0,0,1,[16],[15],[],1,False
3296.666667,starved,1,1,0,0,[16],[],[15],1,False
3425.0,blocked,2,0,1,1,[16],[16],[],1,True
3425.0,waiting_resource,1,0,1,0,[16],[16],[],1,False
3510.0,busy,2,0,1,1,[16],[16],[],1,True
3528.333333,blocked,1,0,0,1,[17],[16],[],1,False
3528.333333,starved,1,1,0,0,[17],[],[16],1,False
3656.666667,blocked,2,0,1,1,[17],[17],[],1,True
3656.666667,waiting_resource,1,0,1,0,[17],[17],[],1,False
3741.666667,busy,2,0,1,1,[17],[17],[],1,True
3760.0,blocked,1,0,0,1,[18],[17],[],1,False
3760.0,starved,1,1,0,0,[18],[],[17],1,False
3888.333333,blocked,2,0,1,1,[18],[18],[],1,True
3888.333333,waiting_resource,1,0,1,0,[18],[18],[],1,False
3973.333333,busy,2,0,1,1,[18],[18],[],1,True
3991.666667,blocked,1,0,0,1,[19],[18],[],1,False
3991.666667,starved,1,1,0,0,[19],[],[18],1,False
4120.0,blocked,2,0,1,1,[19],[19],[],1,True
4120.0,waiting_resource,1,0,1,0,[19],[19],[],1,False
4205.0,busy,2,0,1,1,[19],[19],[],1,True
4223.333333,blocked,1,0,0,1,[20],[19],[],1,False
4223.333333,starved,1,1,0,0,[20],[],[19],1,False
4351.666667,blocked,2,0,1,1,[20],[20],[],1,True
4351.666667,waiting_resource,1,0,1,0,[20],[20],[],1,False
4436.666667,busy,2,0,1,1,[20],[20],[],1,True
4455.0,blocked,1,0,0,1,[21],[20],[],1,False
4455.0,starved,1,1,0,0,[21],[],[20],1,False
4583.333333,blocked,2,0,1,1,[21],[21],[],1,True
4583.333333,waiting_resource,1,0,1,0,[21],[21],[],1,False
4668.333333,busy,2,0,1,1,[21],[21],[],1,True
4686.666667,blocked,1,0,0,1,[22],[21],[],1,False
4686.666667,starved,1,1,0,0,[22],[],[21],1,False
4815.0,blocked,2,0,1,1,[22],[22],[],1,True
4815.0,waiting_resource,1,0,1,0,[22],[22],[],1,False
4900.0,busy,2,0,1,1,[22],[22],[],1,True
4918.333333,blocked,1,0,0,1,[23],[22],[],1,False
4918.333333,starved,1,1,0,0,[23],[],[22],1,False
5046.666667,blocked,2,0,1,1,[23],[23],[],1,True
5046.666667,waiting_resource,1,0,1,0,[23],[23],[],1,False
5131.666667,busy,2,0,1,1,[23],[23],[],1,True
5150.0,blocked,1,0,0,1,[24],[23],[],1,False
5150.0,starved,1,1,0,0,[24],[],[23],1,False
5278.333333,blocked,2,0,1,1,[24],[24],[],1,True
5278.333333,waiting_resource,1,0,1,0,[24],[24],[],1,False
5363.333333,busy,2,0,1,1,[24],[24],[],1,True
5381.666667,blocked,1,0,0,1,[25],[24],[],1,False
5381.666667,starved,1,1,0,0,[25],[],[24],1,False
5510.0,blocked,2,0,1,1,[25],[25],[],1,True
5510.0,waiting_resource,1,0,1,0,[25],[25],[],1,False
5595.0,busy,2,0,1,1,[25],[25],[],1,True
5613.333333,blocked,1,0,0,1,[26],[25],[],1,False
5613.333333,starved,1,1,0,0,[26],[],[25],1,False
5741.666667,blocked,2,0,1,1,[26],[26],[],1,True
5741.666667,waiting_resource,1,0,1,0,[26],[26],[],1,False
5826.666667,busy,2,0,1,1,[26],[26],[],1,True
5845.0,blocked,1,0,0,1,[27],[26],[],1,False
5845.0,starved,1,1,0,0,[27],[],[26],1,False
5973.333333,blocked,2,0,1,1,[27],[27],[],1,True
5973.333333,waiting_resource,1,0,1,0,[27],[27],[],1,False
6058.333333,busy,2,0,1,1,[27],[27],[],1,True
6076.666667,blocked,1,0,0,1,[28],[27],[],1,False
6076.666667,starved,1,1,0,0,[28],[],[27],1,False
6205.0,blocked,2,0,1,1,[28],[28],[],1,True
6205.0,waiting_resource,1,0,1,0,[28],[28],[],1,False
6290.0,busy,2,0,1,1,[28],[28],[],1,True
6308.333333,blocked,1,0,0,1,[29],[28],[],1,False
6308.333333,starved,1,1,0,0,[29],[],[28],1,False
6436.666667,blocked,2,0,1,1,[29],[29],[],1,True
6436.666667,waiting_resource,1,0,1,0,[29],[29],[],1,False
6521.666667,busy,2,0,1,1,[29],[29],[],1,True
6540.0,blocked,1,0,0,1,[30],[29],[],1,False
6540.0,starved,1,1,0,0,[30],[],[29],1,False
6668.333333,blocked,2,0,1,1,[30],[30],[],1,True
6668.333333,waiting_resource,1,0,1,0,[30],[30],[],1,False
6753.333333,busy,2,0,1,1,[30],[30],[],1,True
6771.666667,blocked,1,0,0,1,[31],[30],[],1,False
6771.666667,starved,1,1,0,0,[31],[],[30],1,False
6900.0,blocked,2,0,1,1,[31],[31],[],1,True
6900.0,waiting_resource,1,0,1,0,[31],[31],[],1,False
6985.0,busy,2,0,1,1,[31],[31],[],1,True
7003.333333,blocked,1,0,0,1,[32],[31],[],1,False
7003.333333,starved,1,1,0,0,[32],[],[31],1,False
7131.666667,blocked,2,0,1,1,[32],[32],[],1,True
7131.666667,waiting_resource,1,0,1,0,[32],[32],[],1,False
7216.666667,busy,2,0,1,1,[32],[32],[],1,True
7235.0,blocked,1,0,0,1,[33],[32],[],1,False
7235.0,starved,1,1,0,0,[33],[],[32],1,False
7363.333333,blocked,2,0,1,1,[33],[33],[],1,True
7363.333333,waiting_resource,1,0,1,0,[33],[33],[],1,False
7448.333333,busy,2,0,1,1,[33],[33],[],1,True
7466.666667,blocked,1,0,0,1,[34],[33],[],1,False
7466.666667,starved,1,1,0,0,[34],[],[33],1,False
7595.0,blocked,2,0,1,1,[34],[34],[],1,True
7595.0,waiting_resource,1,0,1,0,[34],[34],[],1,False
7680.0,busy,2,0,1,1,[34],[34],[],1,True
7698.333333,blocked,1,0,0,1,[35],[34],[],1,False
7698.333333,starved,1,1,0,0,[35],[],[34],1,False
7826.666667,blocked,2,0,1,1,[35],[35],[],1,True
7826.666667,waiting_resource,1,0,1,0,[35],[35],[],1,False
7911.666667,busy,2,0,1,1,[35],[35],[],1,True
7930.0,blocked,1,0,0,1,[36],[35],[],1,False
7930.0,starved,1,1,0,0,[36],[],[35],1,False
8058.333333,blocked,2,0,1,1,[36],[36],[],1,True
8058.333333,waiting_resource,1,0,1,0,[36],[36],[],1,False
8143.333333,busy,2,0,1,1,[36],[36],[],1,True
8161.666667,blocked,1,0,0,1,[37],[36],[],1,False
8161.666667,starved,1,1,0,0,[37],[],[36],1,False
8290.0,blocked,2,0,1,1,[37],[37],[],1,True
8290.0,waiting_resource,1,0,1,0,[37],[37],[],1,False
8375.0,busy,2,0,1,1,[37],[37],[],1,True
8393.333333,blocked,1,0,0,1,[38],[37],[],1,False
8393.333333,starved,1,1,0,0,[38],[],[37],1,False
8521.666667,blocked,2,0,1,1,[38],[38],[],1,True
8521.666667,waiting_resource,1,0,1,0,[38],[38],[],1,False
8606.666667,busy,2,0,1,1,[38],[38],[],1,True
8625.0,blocked,1,0,0,1,[39],[38],[],1,False
8625.0,starved,1,1,0,0,[39],[],[38],1,False
8753.333333,blocked,2,0,1,1,[39],[39],[],1,True
8753.333333,waiting_resource,1,0,1,0,[39],[39],[],1,False
8838.333333,busy,2,0,1,1,[39],[39],[],1,True
8856.666667,blocked,1,0,0,1,[40],[39],[],1,False
8856.666667,starved,1,1,0,0,[40],[],[39],1,False
8985.0,blocked,2,0,1,1,[40],[40],[],1,True
8985.0,waiting_resource,1,0,1,0,[40],[40],[],1,False
9070.0,busy,2,0,1,1,[40],[40],[],1,True
9088.333333,blocked,1,0,0,1,[41],[40],[],1,False
9088.333333,starved,1,1,0,0,[41],[],[40],1,False
9216.666667,blocked,2,0,1,1,[41],[41],[],1,True
9216.666667,waiting_resource,1,0,1,0,[41],[41],[],1,False
9301.666667,busy,2,0,1,1,[41],[41],[],1,True
9320.0,blocked,1,0,0,1,[42],[41],[],1,False
9320.0,starved,1,1,0,0,[42],[],[41],1,False
9448.333333,blocked,2,0,1,1,[42],[42],[],1,True
9448.333333,waiting_resource,1,0,1,0,[42],[42],[],1,False
9533.333333,busy,2,0,1,1,[42],[42],[],1,True
9551.666667,blocked,1,0,0,1,[43],[42],[],1,False
9551.666667,starved,1,1,0,0,[43],[],[42],1,False
9680.0,blocked,2,0,1,1,[43],[43],[],1,True
9680.0,waiting_resource,1,0,1,0,[43],[43],[],1,False
9765.0,busy,2,0,1,1,[43],[43],[],1,True
9783.333333,blocked,1,0,0,1,[44],[43],[],1,False
9783.333333,starved,1,1,0,0,[44],[],[43],1,False
9911.666667,blocked,2,0,1,1,[44],[44],[],1,True
9911.666667,waiting_resource,1,0,1,0,[44],[44],[],1,False
9996.666667,busy,2,0,1,1,[44],[44],[],1,True
10015.0,blocked,1,0,0,1,[45],[44],[],1,False
10015.0,starved,1,1,0,0,[45],[],[44],1,False
10143.333333,blocked,2,0,1,1,[45],[45],[],1,True
10143.333333,waiting_resource,1,0,1,0,[45],[45],[],1,False
10228.333333,busy,2,0,1,1,[45],[45],[],1,True
10246.666667,blocked,1,0,0,1,[46],[45],[],1,False
10246.666667,starved,1,1,0,0,[46],[],[45],1,False
10375.0,blocked,2,0,1,1,[46],[46],[],1,True
10375.0,waiting_resource,1,0,1,0,[46],[46],[],1,False
10460.0,busy,2,0,1,1,[46],[46],[],1,True
10478.333333,blocked,1,0,0,1,[47],[46],[],1,False
10478.333333,starved,1,1,0,0,[47],[],[46],1,False
10606.666667,blocked,2,0,1,1,[47],[47],[],1,True
10606.666667,waiting_resource,1,0,1,0,[47],[47],[],1,False
10691.666667,busy,2,0,1,1,[47],[47],[],1,True
10710.0,blocked,1,0,0,1,[48],[47],[],1,False
10710.0,starved,1,1,0,0,[48],[],[47],1,False
10838.333333,blocked,2,0,1,1,[48],[48],[],1,True
10838.333333,waiting_resource,1,0,1,0,[48],[48],[],1,False
10923.333333,busy,2,0,1,1,[48],[48],[],1,True
10941.666667,blocked,1,0,0,1,[49],[48],[],1,False
10941.666667,starved,1,1,0,0,[49],[],[48],1,False
11070.0,blocked,2,0,1,1,[49],[49],[],1,True
11070.0,waiting_resource,1,0,1,0,[49],[49],[],1,False
11155.0,busy,2,0,1,1,[49],[49],[],1,True
11173.333333,blocked,1,0,0,1,[50],[49],[],1,False
11173.333333,starved,1,1,0,0,[50],[],[49],1,False
11301.666667,blocked,2,0,1,1,[50],[50],[],1,True
11301.666667,waiting_resource,1,0,1,0,[50],[50],[],1,False
11386.666667,busy,2,0,1,1,[50],[50],[],1,True
11405.0,blocked,1,0,0,1,[51],[50],[],1,False
11405.0,starved,1,1,0,0,[51],[],[50],1,False
11533.333333,blocked,2,0,1,1,[51],[51],[],1,True
11533.333333,waiting_resource,1,0,1,0,[51],[51],[],1,False
11618.333333,busy,2,0,1,1,[51],[51],[],1,True
11636.666667,blocked,1,0,0,1,[52],[51],[],1,False
11636.666667,starved,1,1,0,0,[52],[],[51],1,False
11765.0,blocked,2,0,1,1,[52],[52],[],1,True
11765.0,waiting_resource,1,0,1,0,[52],[52],[],1,False
11850.0,busy,2,0,1,1,[52],[52],[],1,True
11868.333333,blocked,1,0,0,1,[53],[52],[],1,False
11868.333333,starved,1,1,0,0,[53],[],[52],1,False
11996.666667,blocked,2,0,1,1,[53],[53],[],1,True
11996.666667,waiting_resource,1,0,1,0,[53],[53],[],1,False
12081.666667,busy,2,0,1,1,[53],[53],[],1,True
12100.0,blocked,1,0,0,1,[54],[53],[],1,False
12100.0,starved,1,1,0,0,[54],[],[53],1,False
12228.333333,blocked,2,0,1,1,[54],[54],[],1,True
12228.333333,waiting_resource,1,0,1,0,[54],[54],[],1,False
12313.333333,busy,2,0,1,1,[54],[54],[],1,True
12331.666667,blocked,1,0,0,1,[55],[54],[],1,False
12331.666667,starved,1,1,0,0,[55],[],[54],1,False
12460.0,blocked,2,0,1,1,[55],[55],[],1,True
12460.0,waiting_resource,1,0,1,0,[55],[55],[],1,False
12545.0,busy,2,0,1,1,[55],[55],[],1,True
12563.333333,blocked,1,0,0,1,[56],[55],[],1,False
12563.333333,starved,1,1,0,0,[56],[],[55],1,False
12691.666667,blocked,2,0,1,1,[56],[56],[],1,True
12691.666667,waiting_resource,1,0,1,0,[56],[56],[],1,False
12776.666667,busy,2,0,1,1,[56],[56],[],1,True
12795.0,blocked,1,0,0,1,[57],[56],[],1,False
12795.0,starved,1,1,0,0,[57],[],[56],1,False
12923.333333,blocked,2,0,1,1,[57],[57],[],1,True
12923.333333,waiting_resource,1,0,1,0,[57],[57],[],1,False
13008.333333,busy,2,0,1,1,[57],[57],[],1,True
13026.666667,blocked,1,0,0,1,[58],[57],[],1,False
13026.666667,starved,1,1,0,0,[58],[],[57],1,False
13155.0,blocked,2,0,1,1,[58],[58],[],1,True
13155.0,waiting_resource,1,0,1,0,[58],[58],[],1,False
13240.0,busy,2,0,1,1,[58],[58],[],1,True
13258.333333,blocked,1,0,0,1,[59],[58],[],1,False
13258.333333,starved,1,1,0,0,[59],[],[58],1,False
13386.666667,blocked,2,0,1,1,[59],[59],[],1,True
13386.666667,waiting_resource,1,0,1,0,[59],[59],[],1,False
13471.666667,busy,2,0,1,1,[59],[59],[],1,True
13490.0,blocked,1,0,0,1,[60],[59],[],1,False
13490.0,starved,1,1,0,0,[60],[],[59],1,False
13618.333333,blocked,2,0,1,1,[60],[60],[],1,True
13618.333333,waiting_resource,1,0,1,0,[60],[60],[],1,False
13703.333333,busy,2,0,1,1,[60],[60],[],1,True
13721.666667,blocked,1,0,0,1,[61],[60],[],1,False
13721.666667,starved,1,1,0,0,[61],[],[60],1,False
13850.0,blocked,2,0,1,1,[61],[61],[],1,True
13850.0,waiting_resource,1,0,1,0,[61],[61],[],1,False
13935.0,busy,2,0,1,1,[61],[61],[],1,True
13953.333333,blocked,1,0,0,1,[62],[61],[],1,False
13953.333333,starved,1,1,0,0,[62],[],[61],1,False
14081.666667,blocked,2,0,1,1,[62],[62],[],1,True
14081.666667,waiting_resource,1,0,1,0,[62],[62],[],1,False
14166.666667,busy,2,0,1,1,[62],[62],[],1,True
14185.0,blocked,1,0,0,1,[63],[62],[],1,False
14185.0,starved,1,1,0,0,[63],[],[62],1,False
14313.333333,blocked,2,0,1,1,[63],[63],[],1,True
14313.333333,waiting_resource,1,0,1,0,[63],[63],[],1,False
14398.333333,busy,2,0,1,1,[63],[63],[],1,True
14416.666667,blocked,1,0,0,1,[64],[63],[],1,False
14416.666667,starved,1,1,0,0,[64],[],[63],1,False
14545.0,blocked,2,0,1,1,[64],[64],[],1,True
14545.0,waiting_resource,1,0,1,0,[64],[64],[],1,False
14630.0,busy,2,0,1,1,[64],[64],[],1,True
14648.333333,blocked,1,0,0,1,[65],[64],[],1,False
14648.333333,starved,1,1,0,0,[65],[],[64],1,False
14776.666667,blocked,2,0,1,1,[65],[65],[],1,True
14776.666667,waiting_resource,1,0,1,0,[65],[65],[],1,False
14861.666667,busy,2,0,1,1,[65],[65],[],1,True
14880.0,blocked,1,0,0,1,[66],[65],[],1,False
14880.0,starved,1,1,0,0,[66],[],[65],1,False
15008.333333,blocked,2,0,1,1,[66],[66],[],1,True
15008.333333,waiting_resource,1,0,1,0,[66],[66],[],1,False
15093.333333,busy,2,0,1,1,[66],[66],[],1,True
15111.666667,blocked,1,0,0,1,[67],[66],[],1,False
15111.666667,starved,1,1,0,0,[67],[],[66],1,False
15240.0,blocked,2,0,1,1,[67],[67],[],1,True
15240.0,waiting_resource,1,0,1,0,[67],[67],[],1,False
15325.0,busy,2,0,1,1,[67],[67],[],1,True
15343.333333,blocked,1,0,0,1,[68],[67],[],1,False
15343.333333,starved,1,1,0,0,[68],[],[67],1,False
15471.666667,blocked,2,0,1,1,[68],[68],[],1,True
15471.666667,waiting_resource,1,0,1,0,[68],[68],[],1,False
15556.666667,busy,2,0,1,1,[68],[68],[],1,True
15575.0,blocked,1,0,0,1,[69],[68],[],1,False
15575.0,starved,1,1,0,0,[69],[],[68],1,False
15703.333333,blocked,2,0,1,1,[69],[69],[],1,True
15703.333333,waiting_resource,1,0,1,0,[69],[69],[],1,False
15788.333333,busy,2,0,1,1,[69],[69],[],1,True
15806.666667,blocked,1,0,0,1,[70],[69],[],1,False
15806.666667,starved,1,1,0,0,[70],[],[69],1,False
15935.0,blocked,2,0,1,1,[70],[70],[],1,True
15935.0,waiting_resource,1,0,1,0,[70],[70],[],1,False
16020.0,busy,2,0,1,1,[70],[70],[],1,True
16038.333333,blocked,1,0,0,1,[71],[70],[],1,False
16038.333333,starved,1,1,0,0,[71],[],[70],1,False
16166.666667,blocked,2,0,1,1,[71],[71],[],1,True
16166.666667,waiting_resource,1,0,1,0,[71],[71],[],1,False
16251.666667,busy,2,0,1,1,[71],[71],[],1,True
16270.0,blocked,1,0,0,1,[72],[71],[],1,False
16270.0,starved,1,1,0,0,[72],[],[71],1,False
16398.333333,blocked,2,0,1,1,[72],[72],[],1,True
16398.333333,waiting_resource,1,0,1,0,[72],[72],[],1,False
16483.333333,busy,2,0,1,1,[72],[72],[],1,True
16501.666667,blocked,1,0,0,1,[73],[72],[],1,False
16501.666667,starved,1,1,0,0,[73],[],[72],1,False
16630.0,blocked,2,0,1,1,[73],[73],[],1,True
16630.0,waiting_resource,1,0,1,0,[73],[73],[],1,False
16715.0,busy,2,0,1,1,[73],[73],[],1,True
16733.333333,blocked,1,0,0,1,[74],[73],[],1,False
16733.333333,starved,1,1,0,0,[74],[],[73],1,False
16861.666667,blocked,2,0,1,1,[74],[74],[],1,True
16861.666667,waiting_resource,1,0,1,0,[74],[74],[],1,False
16946.666667,busy,2,0,1,1,[74],[74],[],1,True
16965.0,blocked,1,0,0,1,[75],[74],[],1,False
16965.0,starved,1,1,0,0,[75],[],[74],1,False
17093.333333,blocked,2,0,1,1,[75],[75],[],1,True
17093.333333,waiting_resource,1,0,1,0,[75],[75],[],1,False
17178.333333,busy,2,0,1,1,[75],[75],[],1,True
17196.666667,blocked,1,0,0,1,[76],[75],[],1,False
17196.666667,starved,1,1,0,0,[76],[],[75],1,False
17325.0,blocked,2,0,1,1,[76],[76],[],1,True
17325.0,waiting_resource,1,0,1,0,[76],[76],[],1,False
17410.0,busy,2,0,1,1,[76],[76],[],1,True
17428.333333,blocked,1,0,0,1,[77],[76],[],1,False
17428.333333,starved,1,1,0,0,[77],[],[76],1,False
17556.666667,blocked,2,0,1,1,[77],[77],[],1,True
17556.666667,waiting_resource,1,0,1,0,[77],[77],[],1,False
17641.666667,busy,2,0,1,1,[77],[77],[],1,True
17660.0,blocked,1,0,0,1,[78],[77],[],1,False
17660.0,starved,1,1,0,0,[78],[],[77],1,False
17788.333333,blocked,2,0,1,1,[78],[78],[],1,True
17788.333333,waiting_resource,1,0,1,0,[78],[78],[],1,False
17873.333333,busy,2,0,1,1,[78],[78],[],1,True
17891.666667,blocked,1,0,0,1,[79],[78],[],1,False
17891.666667,starved,1,1,0,0,[79],[],[78],1,False
18020.0,blocked,2,0,1,1,[79],[79],[],1,True
18020.0,waiting_resource,1,0,1,0,[79],[79],[],1,False
18105.0,busy,2,0,1,1,[79],[79],[],1,True
18123.333333,blocked,1,0,0,1,[80],[79],[],1,False
18123.333333,starved,1,1,0,0,[80],[],[79],1,False
18251.666667,blocked,2,0,1,1,[80],[80],[],1,True
18251.666667,waiting_resource,1,0,1,0,[80],[80],[],1,False
18336.666667,busy,2,0,1,1,[80],[80],[],1,True
18355.0,blocked,1,0,0,1,[81],[80],[],1,False
18355.0,starved,1,1,0,0,[81],[],[80],1,False
18483.333333,blocked,2,0,1,1,[81],[81],[],1,True
18483.333333,waiting_resource,1,0,1,0,[81],[81],[],1,False
18568.333333,busy,2,0,1,1,[81],[81],[],1,True
18586.666667,blocked,1,0,0,1,[82],[81],[],1,False
18586.666667,starved,1,1,0,0,[82],[],[81],1,False
18715.0,blocked,2,0,1,1,[82],[82],[],1,True
18715.0,waiting_resource,1,0,1,0,[82],[82],[],1,False
18800.0,busy,2,0,1,1,[82],[82],[],1,True
18818.333333,blocked,1,0,0,1,[83],[82],[],1,False
18818.333333,starved,1,1,0,0,[83],[],[82],1,False
18946.666667,blocked,2,0,1,1,[83],[83],[],1,True
18946.666667,waiting_resource,1,0,1,0,[83],[83],[],1,False
19031.666667,busy,2,0,1,1,[83],[83],[],1,True
19050.0,blocked,1,0,0,1,[84],[83],[],1,False
19050.0,starved,1,1,0,0,[84],[],[83],1,False
19178.333333,blocked,2,0,1,1,[84],[84],[],1,True
19178.333333,waiting_resource,1,0,1,0,[84],[84],[],1,False
19263.333333,busy,2,0,1,1,[84],[84],[],1,True
19281.666667,blocked,1,0,0,1,[85],[84],[],1,False
19281.666667,starved,1,1,0,0,[85],[],[84],1,False
19410.0,blocked,2,0,1,1,[85],[85],[],1,True
19410.0,waiting_resource,1,0,1,0,[85],[85],[],1,False
19495.0,busy,2,0,1,1,[85],[85],[],1,True
19513.333333,blocked,1,0,0,1,[86],[85],[],1,False
19513.333333,starved,1,1,0,0,[86],[],[85],1,False
19641.666667,blocked,2,0,1,1,[86],[86],[],1,True
19641.666667,waiting_resource,1,0,1,0,[86],[86],[],1,False
19726.666667,busy,2,0,1,1,[86],[86],[],1,True
19745.0,blocked,1,0,0,1,[87],[86],[],1,False
19745.0,starved,1,1,0,0,[87],[],[86],1,False
19873.333333,blocked,2,0,1,1,[87],[87],[],1,True
19873.333333,waiting_resource,1,0,1,0,[87],[87],[],1,False
19958.333333,busy,2,0,1,1,[87],[87],[],1,True
19976.666667,blocked,1,0,0,1,[88],[87],[],1,False
19976.666667,starved,1,1,0,0,[88],[],[87],1,False
20105.0,blocked,2,0,1,1,[88],[88],[],1,True
20105.0,waiting_resource,1,0,1,0,[88],[88],[],1,False
20190.0,busy,2,0,1,1,[88],[88],[],1,True
20208.333333,blocked,1,0,0,1,[89],[88],[],1,False
20208.333333,starved,1,1,0,0,[89],[],[88],1,False
20336.666667,blocked,2,0,1,1,[89],[89],[],1,True
20336.666667,waiting_resource,1,0,1,0,[89],[89],[],1,False
20421.666667,busy,2,0,1,1,[89],[89],[],1,True
20440.0,blocked,1,0,0,1,[90],[89],[],1,False
20440.0,starved,1,1,0,0,[90],[],[89],1,False
20568.333333,blocked,2,0,1,1,[90],[90],[],1,True
20568.333333,waiting_resource,1,0,1,0,[90],[90],[],1,False
20653.333333,busy,2,0,1,1,[90],[90],[],1,True
20671.666667,blocked,1,0,0,1,[91],[90],[],1,False
20671.666667,starved,1,1,0,0,[91],[],[90],1,False
20800.0,blocked,2,0,1,1,[91],[91],[],1,True
20800.0,waiting_resource,1,0,1,0,[91],[91],[],1,False
20885.0,busy,2,0,1,1,[91],[91],[],1,True
20903.333333,blocked,1,0,0,1,[92],[91],[],1,False
20903.333333,starved,1,1,0,0,[92],[],[91],1,False
21031.666667,blocked,2,0,1,1,[92],[92],[],1,True
21031.666667,waiting_resource,1,0,1,0,[92],[92],[],1,False
21116.666667,busy,2,0,1,1,[92],[92],[],1,True
21135.0,blocked,1,0,0,1,[93],[92],[],1,False
21135.0,starved,1,1,0,0,[93],[],[92],1,False
21263.333333,blocked,2,0,1,1,[93],[93],[],1,True
21263.333333,waiting_resource,1,0,1,0,[93],[93],[],1,False
21348.333333,busy,2,0,1,1,[93],[93],[],1,True
21366.666667,blocked,1,0,0,1,[94],[93],[],1,False
21366.666667,starved,1,1,0,0,[94],[],[93],1,False
21495.0,blocked,2,0,1,1,[94],[94],[],1,True
21495.0,waiting_resource,1,0,1,0,[94],[94],[],1,False
21580.0,busy,2,0,1,1,[94],[94],[],1,True
21598.333333,blocked,1,0,0,1,[95],[94],[],1,False
21598.333333,starved,1,1,0,0,[95],[],[94],1,False
21726.666667,blocked,2,0,1,1,[95],[95],[],1,True
21726.666667,waiting_resource,1,0,1,0,[95],[95],[],1,False
21811.666667,busy,2,0,1,1,[95],[95],[],1,True
21830.0,blocked,1,0,0,1,[96],[95],[],1,False
21830.0,starved,1,1,0,0,[96],[],[95],1,False
21958.333333,blocked,2,0,1,1,[96],[96],[],1,True
21958.333333,waiting_resource,1,0,1,0,[96],[96],[],1,False
22043.333333,busy,2,0,1,1,[96],[96],[],1,True
22061.666667,blocked,1,0,0,1,[97],[96],[],1,False
22061.666667,starved,1,1,0,0,[97],[],[96],1,False
22190.0,blocked,2,0,1,1,[97],[97],[],1,True
22190.0,waiting_resource,1,0,1,0,[97],[97],[],1,False
22275.0,busy,2,0,1,1,[97],[97],[],1,True
22293.333333,blocked,1,0,0,1,[98],[97],[],1,False
22293.333333,starved,1,1,0,0,[98],[],[97],1,False
22421.666667,blocked,2,0,1,1,[98],[98],[],1,True
22421.666667,waiting_resource,1,0,1,0,[98],[98],[],1,False
22506.666667,busy,2,0,1,1,[98],[98],[],1,True
22525.0,blocked,1,0,0,1,[99],[98],[],1,False
22525.0,starved,1,1,0,0,[99],[],[98],1,False
22653.333333,blocked,2,0,1,1,[99],[99],[],1,True
22653.333333,waiting_resource,1,0,1,0,[99],[99],[],1,False
22738.333333,busy,2,0,1,1,[99],[99],[],1,True
22756.666667,blocked,1,0,0,1,[100],[99],[],1,False
22756.666667,starved,1,1,0,0,[100],[],[99],1,False
22885.0,blocked,2,0,1,1,[100],[100],[],1,True
22885.0,waiting_resource,1,0,1,0,[100],[100],[],1,False
22970.0,busy,2,0,1,1,[100],[100],[],1,True
22988.333333,blocked,1,0,0,1,[101],[100],[],1,False
22988.333333,starved,1,1,0,0,[101],[],[100],1,False
23116.666667,blocked,2,0,1,1,[101],[101],[],1,True
23116.666667,waiting_resource,1,0,1,0,[101],[101],[],1,False
23201.666667,busy,2,0,1,1,[101],[101],[],1,True
23220.0,blocked,1,0,0,1,[102],[101],[],1,False
23220.0,starved,1,1,0,0,[102],[],[101],1,False
23348.333333,blocked,2,0,1,1,[102],[102],[],1,True
23348.333333,waiting_resource,1,0,1,0,[102],[102],[],1,False
23433.333333,busy,2,0,1,1,[102],[102],[],1,True
23451.666667,blocked,1,0,0,1,[103],[102],[],1,False
23451.666667,starved,1,1,0,0,[103],[],[102],1,False
23580.0,blocked,2,0,1,1,[103],[103],[],1,True
23580.0,waiting_resource,1,0,1,0,[103],[103],[],1,False
23665.0,busy,2,0,1,1,[103],[103],[],1,True
23683.333333,blocked,1,0,0,1,[104],[103],[],1,False
23683.333333,starved,1,1,0,0,[104],[],[103],1,False
23811.666667,blocked,2,0,1,1,[104],[104],[],1,True
23811.666667,waiting_resource,1,0,1,0,[104],[104],[],1,False
23896.666667,busy,2,0,1,1,[104],[104],[],1,True
23915.0,blocked,1,0,0,1,[105],[104],[],1,False
23915.0,starved,1,1,0,0,[105],[],[104],1,False
24043.333333,blocked,2,0,1,1,[105],[105],[],1,True
24043.333333,waiting_resource,1,0,1,0,[105],[105],[],1,False
24128.333333,busy,2,0,1,1,[105],[105],[],1,True
24146.666667,blocked,1,0,0,1,[106],[105],[],1,False
24146.666667,starved,1,1,0,0,[106],[],[105],1,False
24275.0,blocked,2,0,1,1,[106],[106],[],1,True
24275.0,waiting_resource,1,0,1,0,[106],[106],[],1,False
24360.0,busy,2,0,1,1,[106],[106],[],1,True
24378.333333,blocked,1,0,0,1,[107],[106],[],1,False
24378.333333,starved,1,1,0,0,[107],[],[106],1,False
24506.666667,blocked,2,0,1,1,[107],[107],[],1,True
24506.666667,waiting_resource,1,0,1,0,[107],[107],[],1,False
24591.666667,busy,2,0,1,1,[107],[107],[],1,True
24610.0,blocked,1,0,0,1,[108],[107],[],1,False
24610.0,starved,1,1,0,0,[108],[],[107],1,False
24738.333333,blocked,2,0,1,1,[108],[108],[],1,True
24738.333333,waiting_resource,1,0,1,0,[108],[108],[],1,False
24823.333333,busy,2,0,1,1,[108],[108],[],1,True
24841.666667,blocked,1,0,0,1,[109],[108],[],1,False
24841.666667,starved,1,1,0,0,[109],[],[108],1,False
24970.0,blocked,2,0,1,1,[109],[109],[],1,True
24970.0,waiting_resource,1,0,1,0,[109],[109],[],1,False
25055.0,busy,2,0,1,1,[109],[109],[],1,True
25073.333333,blocked,1,0,0,1,[110],[109],[],1,False
25073.333333,starved,1,1,0,0,[110],[],[109],1,False
25201.666667,blocked,2,0,1,1,[110],[110],[],1,True
25201.666667,waiting_resource,1,0,1,0,[110],[110],[],1,False
25286.666667,busy,2,0,1,1,[110],[110],[],1,True
25305.0,blocked,1,0,0,1,[111],[110],[],1,False
25305.0,starved,1,1,0,0,[111],[],[110],1,False
25433.333333,blocked,2,0,1,1,[111],[111],[],1,True
25433.333333,waiting_resource,1,0,1,0,[111],[111],[],1,False
25518.333333,busy,2,0,1,1,[111],[111],[],1,True
25536.666667,blocked,1,0,0,1,[112],[111],[],1,False
25536.666667,starved,1,1,0,0,[112],[],[111],1,False
25665.0,blocked,2,0,1,1,[112],[112],[],1,True
25665.0,waiting_resource,1,0,1,0,[112],[112],[],1,False
25750.0,busy,2,0,1,1,[112],[112],[],1,True
25768.333333,blocked,1,0,0,1,[113],[112],[],1,False
25768.333333,starved,1,1,0,0,[113],[],[112],1,False
25896.666667,blocked,2,0,1,1,[113],[113],[],1,True
25896.666667,waiting_resource,1,0,1,0,[113],[113],[],1,False
25981.666667,busy,2,0,1,1,[113],[113],[],1,True
26000.0,blocked,1,0,0,1,[114],[113],[],1,False
26000.0,starved,1,1,0,0,[114],[],[113],1,False
26128.333333,blocked,2,0,1,1,[114],[114],[],1,True
26128.333333,waiting_resource,1,0,1,0,[114],[114],[],1,False
26213.333333,busy,2,0,1,1,[114],[114],[],1,True
26231.666667,blocked,1,0,0,1,[115],[114],[],1,False
26231.666667,starved,1,1,0,0,[115],[],[114],1,False
26360.0,blocked,2,0,1,1,[115],[115],[],1,True
26360.0,waiting_resource,1,0,1,0,[115],[115],[],1,False
26445.0,busy,2,0,1,1,[115],[115],[],1,True
26463.333333,blocked,1,0,0,1,[116],[115],[],1,False
26463.333333,starved,1,1,0,0,[116],[],[115],1,False
26591.666667,blocked,2,0,1,1,[116],[116],[],1,True
26591.666667,waiting_resource,1,0,1,0,[116],[116],[],1,False
26676.666667,busy,2,0,1,1,[116],[116],[],1,True
26695.0,blocked,1,0,0,1,[117],[116],[],1,False
26695.0,starved,1,1,0,0,[117],[],[116],1,False
26823.333333,blocked,2,0,1,1,[117],[117],[],1,True
26823.333333,waiting_resource,1,0,1,0,[117],[117],[],1,False
26908.333333,busy,2,0,1,1,[117],[117],[],1,True
26926.666667,blocked,1,0,0,1,[118],[117],[],1,False
26926.666667,starved,1,1,0,0,[118],[],[117],1,False
27055.0,blocked,2,0,1,1,[118],[118],[],1,True
27055.0,waiting_resource,1,0,1,0,[118],[118],[],1,False
27140.0,busy,2,0,1,1,[118],[118],[],1,True
27158.333333,blocked,1,0,0,1,[119],[118],[],1,False
27158.333333,starved,1,1,0,0,[119],[],[118],1,False
27286.666667,blocked,2,0,1,1,[119],[119],[],1,True
27286.666667,waiting_resource,1,0,1,0,[119],[119],[],1,False
27371.666667,busy,2,0,1,1,[119],[119],[],1,True
27390.0,blocked,1,0,0,1,[120],[119],[],1,False
27390.0,starved,1,1,0,0,[120],[],[119],1,False
27518.333333,blocked,2,0,1,1,[120],[120],[],1,True
27518.333333,waiting_resource,1,0,1,0,[120],[120],[],1,False
27603.333333,busy,2,0,1,1,[120],[120],[],1,True
27621.666667,blocked,1,0,0,1,[121],[120],[],1,False
27621.666667,starved,1,1,0,0,[121],[],[120],1,False
27750.0,blocked,2,0,1,1,[121],[121],[],1,True
27750.0,waiting_resource,1,0,1,0,[121],[121],[],1,False
27835.0,busy,2,0,1,1,[121],[121],[],1,True
27853.333333,blocked,1,0,0,1,[122],[121],[],1,False
27853.333333,starved,1,1,0,0,[122],[],[121],1,False
27981.666667,blocked,2,0,1,1,[122],[122],[],1,True
27981.666667,waiting_resource,1,0,1,0,[122],[122],[],1,False
28066.666667,busy,2,0,1,1,[122],[122],[],1,True
28085.0,blocked,1,0,0,1,[123],[122],[],1,False
28085.0,starved,1,1,0,0,[123],[],[122],1,False
28213.333333,blocked,2,0,1,1,[123],[123],[],1,True
28213.333333,waiting_resource,1,0,1,0,[123],[123],[],1,False
28298.333333,busy,2,0,1,1,[123],[123],[],1,True
28316.666667,blocked,1,0,0,1,[124],[123],[],1,False
28316.666667,starved,1,1,0,0,[124],[],[123],1,False
28445.0,blocked,2,0,1,1,[124],[124],[],1,True
28445.0,waiting_resource,1,0,1,0,[124],[124],[],1,False
28530.0,busy,2,0,1,1,[124],[124],[],1,True
28548.333333,blocked,1,0,0,1,[125],[124],[],1,False
28548.333333,starved,1,1,0,0,[125],[],[124],1,False
28676.666667,blocked,2,0,1,1,[125],[125],[],1,True
28676.666667,waiting_resource,1,0,1,0,[125],[125],[],1,False
28761.666667,busy,2,0,1,1,[125],[125],[],1,True
28780.0,blocked,1,0,0,1,[126],[125],[],1,False
28780.0,starved,1,1,0,0,[126],[],[125],1,False
