decision_t,decision_chosen,decision_reason,decision_candidates,missed_request_node,missed_request_entity,seen_at_t
349.166667,inspection,NO_FEEDER_WAITING,inspection,manual_assembly,3,409.166667
770.833333,inspection,NO_FEEDER_WAITING,inspection,manual_assembly,5,830.833333
1192.5,inspection,NO_FEEDER_WAITING,inspection,manual_assembly,7,1252.5
1614.166667,inspection,NO_FEEDER_WAITING,inspection,manual_assembly,9,1674.166667
2035.833333,inspection,NO_FEEDER_WAITING,inspection,manual_assembly,11,2095.833333
2457.5,inspection,NO_FEEDER_WAITING,inspection,manual_assembly,13,2517.5
2879.166667,inspection,NO_FEEDER_WAITING,inspection,manual_assembly,15,2939.166667
3300.833333,inspection,NO_FEEDER_WAITING,inspection,manual_assembly,17,3360.833333
3722.5,inspection,NO_FEEDER_WAITING,inspection,manual_assembly,19,3782.5
4144.166667,inspection,NO_FEEDER_WAITING,inspection,manual_assembly,21,4204.166667
4565.833333,inspection,NO_FEEDER_WAITING,inspection,manual_assembly,23,4625.833333
4987.5,inspection,NO_FEEDER_WAITING,inspection,manual_assembly,25,5047.5
5409.166667,inspection,NO_FEEDER_WAITING,inspection,manual_assembly,27,5469.166667
5830.833333,inspection,NO_FEEDER_WAITING,inspection,manual_assembly,29,5890.833333
6252.5,inspection,NO_FEEDER_WAITING,inspection,manual_assembly,31,6312.5
6674.166667,inspection,NO_FEEDER_WAITING,inspection,manual_assembly,33,6734.166667
7095.833333,inspection,NO_FEEDER_WAITING,inspection,manual_assembly,35,7155.833333
7517.5,inspection,NO_FEEDER_WAITING,inspection,manual_assembly,37,7577.5
7939.166667,inspection,NO_FEEDER_WAITING,inspection,manual_assembly,39,7999.166667
8360.833333,inspection,NO_FEEDER_WAITING,inspection,manual_assembly,41,8420.833333
8782.5,inspection,NO_FEEDER_WAITING,inspection,manual_assembly,43,8842.5
9204.166667,inspection,NO_FEEDER_WAITING,inspection,manual_assembly,45,9264.166667
9625.833333,inspection,NO_FEEDER_WAITING,inspection,manual_assembly,47,9685.833333
10047.5,inspection,NO_FEEDER_WAITING,inspection,manual_assembly,49,10107.5
10469.166667,inspection,NO_FEEDER_WAITING,inspection,manual_assembly,51,10529.166667
10890.833333,inspection,NO_FEEDER_WAITING,inspection,manual_assembly,53,10950.833333
11312.5,inspection,NO_FEEDER_WAITING,inspection,manual_assembly,55,11372.5
11734.166667,inspection,NO_FEEDER_WAITING,inspection,manual_assembly,57,11794.166667
12155.833333,inspection,NO_FEEDER_WAITING,inspection,manual_assembly,59,12215.833333
12577.5,inspection,NO_FEEDER_WAITING,inspection,manual_assembly,61,12637.5
12999.166667,inspection,NO_FEEDER_WAITING,inspection,manual_assembly,63,13059.166667
13420.833333,inspection,NO_FEEDER_WAITING,inspection,manual_assembly,65,13480.833333
13842.5,inspection,NO_FEEDER_WAITING,inspection,manual_assembly,67,13902.5
14264.166667,inspection,NO_FEEDER_WAITING,inspection,manual_assembly,69,14324.166667
14685.833333,inspection,NO_FEEDER_WAITING,inspection,manual_assembly,71,14745.833333
15107.5,inspection,NO_FEEDER_WAITING,inspection,manual_assembly,73,15167.5
15529.166667,inspection,NO_FEEDER_WAITING,inspection,manual_assembly,75,15589.166667
15950.833333,inspection,NO_FEEDER_WAITING,inspection,manual_assembly,77,16010.833333
16372.5,inspection,NO_FEEDER_WAITING,inspection,manual_assembly,79,16432.5
16794.166667,inspection,NO_FEEDER_WAITING,inspection,manual_assembly,81,16854.166667
17215.833333,inspection,NO_FEEDER_WAITING,inspection,manual_assembly,83,17275.833333
17637.5,inspection,NO_FEEDER_WAITING,inspection,manual_assembly,85,17697.5
18059.166667,inspection,NO_FEEDER_WAITING,inspection,manual_assembly,87,18119.166667
18480.833333,inspection,NO_FEEDER_WAITING,inspection,manual_assembly,89,18540.833333
18902.5,inspection,NO_FEEDER_WAITING,inspection,manual_assembly,91,18962.5
19324.166667,inspection,NO_FEEDER_WAITING,inspection,manual_assembly,93,19384.166667
19745.833333,inspection,NO_FEEDER_WAITING,inspection,manual_assembly,95,19805.833333
20167.5,inspection,NO_FEEDER_WAITING,inspection,manual_assembly,97,20227.5
20589.166667,inspection,NO_FEEDER_WAITING,inspection,manual_assembly,99,20649.166667
21010.833333,inspection,NO_FEEDER_WAITING,inspection,manual_assembly,101,21070.833333
21432.5,inspection,NO_FEEDER_WAITING,inspection,manual_assembly,103,21492.5
21854.166667,inspection,NO_FEEDER_WAITING,inspection,manual_assembly,105,21914.166667
22275.833333,inspection,NO_FEEDER_WAITING,inspection,manual_assembly,107,22335.833333
22697.5,inspection,NO_FEEDER_WAITING,inspection,manual_assembly,109,22757.5
23119.166667,inspection,NO_FEEDER_WAITING,inspection,manual_assembly,111,23179.166667
23540.833333,inspection,NO_FEEDER_WAITING,inspection,manual_assembly,113,23600.833333
23962.5,inspection,NO_FEEDER_WAITING,inspection,manual_assembly,115,24022.5
24384.166667,inspection,NO_FEEDER_WAITING,inspection,manual_assembly,117,24444.166667
24805.833333,inspection,NO_FEEDER_WAITING,inspection,manual_assembly,119,24865.833333
25227.5,inspection,NO_FEEDER_WAITING,inspection,manual_assembly,121,25287.5
25649.166667,inspection,NO_FEEDER_WAITING,inspection,manual_assembly,123,25709.166667
26070.833333,inspection,NO_FEEDER_WAITING,inspection,manual_assembly,125,26130.833333
26492.5,inspection,NO_FEEDER_WAITING,inspection,manual_assembly,127,26552.5
26914.166667,inspection,NO_FEEDER_WAITING,inspection,manual_assembly,129,26974.166667
27335.833333,inspection,NO_FEEDER_WAITING,inspection,manual_assembly,131,27395.833333
27757.5,inspection,NO_FEEDER_WAITING,inspection,manual_assembly,133,27817.5
28179.166667,inspection,NO_FEEDER_WAITING,inspection,manual_assembly,135,28239.166667
28600.833333,inspection,NO_FEEDER_WAITING,inspection,manual_assembly,137,28660.833333
