llegada,intervalo_s
2026-09-01 06:01:15,75.3
2026-09-01 06:02:06,50.9
2026-09-01 06:03:15,69.2
2026-09-01 06:03:27,11.9
2026-09-01 06:03:53,26.7
2026-09-01 06:06:16,142.9
2026-09-01 06:06:49,32.7
2026-09-01 06:08:03,73.6
2026-09-01 06:09:53,110.9
2026-09-01 06:10:19,26.1
2026-09-01 06:12:02,102.4
2026-09-01 06:13:26,84.1
2026-09-01 06:15:31,125.1
2026-09-01 06:15:44,13.0
2026-09-01 06:18:34,170.3
2026-09-01 06:19:18,44.1
2026-09-01 06:23:46,268.0
2026-09-01 06:27:22,215.3
2026-09-01 06:27:42,19.9
2026-09-01 06:28:30,48.2
2026-09-01 06:30:24,114.5
2026-09-01 06:31:34,69.9
2026-09-01 06:31:55,20.8
2026-09-01 06:33:30,95.0
2026-09-01 06:35:27,117.5
2026-09-01 06:36:58,90.3
2026-09-01 06:38:59,121.6
2026-09-01 06:39:58,58.3
2026-09-01 06:44:06,248.8
2026-09-01 06:45:48,101.5
2026-09-01 06:47:44,115.7
2026-09-01 06:48:30,46.2
2026-09-01 06:51:06,156.7
2026-09-01 06:51:29,22.3
2026-09-01 06:52:05,36.1
2026-09-01 06:52:11,6.3
2026-09-01 06:53:18,66.9
2026-09-01 06:53:56,37.9
2026-09-01 06:56:29,153.0
2026-09-01 06:58:24,115.4
2026-09-01 06:58:57,32.5
2026-09-01 07:01:35,157.8
2026-09-01 07:02:00,25.9
2026-09-01 07:02:29,28.6
2026-09-01 07:03:02,33.1
2026-09-01 07:03:43,40.5
2026-09-01 07:03:43,0.9
2026-09-01 07:04:05,21.4
2026-09-01 07:05:33,87.9
2026-09-01 07:06:04,31.0
2026-09-01 07:06:14,9.7
2026-09-01 07:06:49,35.7
2026-09-01 07:13:36,407.0
2026-09-01 07:18:11,275.1
2026-09-01 07:18:42,30.7
2026-09-01 07:20:03,81.5
2026-09-01 07:21:28,84.8
2026-09-01 07:22:37,68.9
2026-09-01 07:24:05,88.0
2026-09-01 07:26:00,115.3
2026-09-01 07:29:04,183.7
2026-09-01 07:33:07,243.0
2026-09-01 07:33:48,40.5
2026-09-01 07:34:29,41.3
2026-09-01 07:35:00,31.3
2026-09-01 07:35:09,8.6
2026-09-01 07:35:34,25.3
2026-09-01 07:36:36,61.8
2026-09-01 07:38:16,100.4
2026-09-01 07:41:22,185.9
2026-09-01 07:43:01,98.9
2026-09-01 07:45:52,170.9
2026-09-01 07:47:13,81.3
2026-09-01 07:48:30,76.4
2026-09-01 07:49:04,34.2
2026-09-01 07:52:06,182.2
2026-09-01 07:52:15,8.9
2026-09-01 07:52:32,17.0
2026-09-01 07:53:49,76.3
2026-09-01 07:56:41,172.3
2026-09-01 08:00:22,220.9
2026-09-01 08:01:26,63.8
2026-09-01 08:03:49,143.4
2026-09-01 08:07:50,240.9
2026-09-01 08:07:55,5.3
2026-09-01 08:11:47,232.2
2026-09-01 08:12:35,47.3
2026-09-01 08:13:12,37.3
2026-09-01 08:17:47,274.9
2026-09-01 08:18:59,72.2
2026-09-01 08:19:22,22.5
2026-09-01 08:21:50,148.1
2026-09-01 08:22:26,36.8
2026-09-01 08:22:29,2.7
2026-09-01 08:24:30,120.9
2026-09-01 08:25:06,35.8
2026-09-01 08:26:34,88.3
2026-09-01 08:28:44,130.3
2026-09-01 08:29:35,50.9
2026-09-01 08:31:03,88.1
2026-09-01 08:39:38,514.4
2026-09-01 08:40:09,30.8
2026-09-01 08:40:13,4.3
2026-09-01 08:40:48,35.2
2026-09-01 08:48:38,469.7
2026-09-01 08:54:11,333.5
2026-09-01 08:55:41,89.3
2026-09-01 08:56:50,69.5
2026-09-01 08:56:56,5.7
2026-09-01 08:58:39,102.9
2026-09-01 08:58:54,14.8
2026-09-01 08:59:06,12.3
2026-09-01 08:59:06,0.2
2026-09-01 09:00:29,82.6
2026-09-01 09:01:19,49.8
2026-09-01 09:02:57,98.8
2026-09-01 09:04:03,65.8
2026-09-01 09:05:08,65.3
2026-09-01 09:13:59,530.4
2026-09-01 09:17:21,202.1
2026-09-01 09:18:18,56.6
2026-09-01 09:19:43,85.8
2026-09-01 09:20:04,20.7
2026-09-01 09:21:32,87.9
2026-09-01 09:24:14,162.3
2026-09-01 09:25:49,94.3
2026-09-01 09:27:05,76.3
2026-09-01 09:28:16,71.3
2026-09-01 09:28:27,10.5
2026-09-01 09:29:50,83.4
2026-09-01 09:30:08,17.7
2026-09-01 09:33:45,217.3
2026-09-01 09:35:06,80.6
2026-09-01 09:37:04,118.5
2026-09-01 09:38:05,60.6
2026-09-01 09:39:00,55.2
2026-09-01 09:39:39,39.2
2026-09-01 09:44:13,274.0
2026-09-01 09:44:43,29.9
2026-09-01 09:48:13,210.4
2026-09-01 09:48:23,9.6
2026-09-01 09:51:06,163.1
2026-09-01 09:52:01,54.4
2026-09-01 09:52:30,29.8
2026-09-01 09:52:38,7.4
2026-09-01 09:52:55,17.1
2026-09-01 09:54:17,82.3
2026-09-01 09:56:08,110.5
2026-09-01 09:56:23,15.1
2026-09-01 09:58:14,111.8
2026-09-01 09:59:06,51.1
2026-09-01 10:00:56,110.4
2026-09-01 10:01:30,34.0
2026-09-01 10:03:55,145.2
2026-09-01 10:09:28,332.5
2026-09-01 10:09:48,20.8
2026-09-01 10:12:36,167.8
2026-09-01 10:14:42,126.2
2026-09-01 10:17:08,145.2
2026-09-01 10:17:25,17.9
2026-09-01 10:19:30,124.4
2026-09-01 10:19:50,20.3
2026-09-01 10:21:04,73.5
2026-09-01 10:22:01,57.3
2026-09-01 10:22:12,11.2
2026-09-01 10:25:16,183.6
2026-09-01 10:29:06,229.9
2026-09-01 10:29:42,36.7
2026-09-01 10:29:50,7.7
2026-09-01 10:30:26,36.5
2026-09-01 10:31:54,87.4
2026-09-01 10:32:19,25.0
2026-09-01 10:34:05,105.9
2026-09-01 10:36:53,167.8
2026-09-01 10:37:23,30.3
2026-09-01 10:39:19,116.4
2026-09-01 10:39:54,35.0
2026-09-01 10:41:16,82.1
2026-09-01 10:41:22,5.6
2026-09-01 10:42:35,73.5
2026-09-01 10:42:43,7.6
2026-09-01 10:42:53,9.5
2026-09-01 10:45:00,127.9
2026-09-01 10:45:31,30.1
2026-09-01 10:45:50,19.5
2026-09-01 10:48:46,175.6
2026-09-01 10:49:38,52.7
2026-09-01 10:50:10,31.7
2026-09-01 10:50:23,13.2
2026-09-01 10:52:12,108.6
2026-09-01 10:53:12,60.4
2026-09-01 10:55:00,107.4
2026-09-01 10:56:54,114.5
2026-09-01 10:57:40,46.0
2026-09-01 10:58:55,74.6
2026-09-01 11:00:45,110.6
2026-09-01 11:04:11,205.5
2026-09-01 11:06:26,134.8
2026-09-01 11:09:02,156.3
2026-09-01 11:09:37,34.5
