id;tiempo (s)
1;52.70
2;67.87
3;94.79
4;46.23
5;66.08
6;36.90
7;39.54
8;27.27
9;69.78
10;61.73
11;53.92
12;19.23
13;28.80
14;53.50
15;63.53
16;45.65
17;27.51
18;29.50
19;38.49
20;42.41
21;65.57
22;65.69
23;56.02
24;49.91
25;50.08
26;54.39
27;37.21
28;47.26
29;55.87
30;34.57
31;33.35
32;64.34
33;27.80
34;39.08
35;41.27
36;34.97
37;36.94
38;42.07
39;45.37
40;35.35
41;58.72
42;54.80
43;48.52
44;37.51
45;89.22
46;35.11
47;34.13
48;48.74
49;59.96
50;36.04
51;54.43
52;22.88
53;33.54
54;45.95
55;27.29
56;29.81
57;33.98
58;45.60
59;44.23
60;31.84
61;34.10
62;46.41
63;48.61
64;29.61
65;28.07
66;26.38
67;39.96
68;52.77
69;40.21
70;60.87
71;27.61
72;84.70
73;39.66
74;46.94
75;33.46
76;38.20
77;52.89
78;80.47
79;26.91
80;45.66
81;48.11
82;34.17
83;36.54
84;41.38
85;29.60
86;58.91
87;45.02
88;41.80
89;41.51
90;38.35
91;32.73
92;33.87
93;27.73
94;34.45
95;54.04
96;60.29
97;45.46
98;74.79
99;44.88
100;45.78
101;49.93
102;48.25
103;62.67
104;29.82
105;40.54
106;28.86
107;68.48
108;35.75
109;60.28
110;36.54
111;42.70
112;54.54
113;32.67
114;47.68
115;32.29
116;28.92
117;34.39
118;56.04
119;36.52
120;40.45
121;24.52
122;49.05
123;48.81
124;35.10
125;60.11
126;46.96
127;47.89
128;31.76
129;37.91
130;53.16
131;55.65
132;37.50
133;46.38
134;29.91
135;23.30
136;40.07
137;32.90
138;25.24
139;63.20
140;33.92
141;103.61
142;35.51
143;34.12
144;40.62
145;57.98
146;29.37
147;45.22
148;40.96
149;31.95
150;25.44
