muestra,tiempo_s
1,45.2
2,67.1
3,30.8
4,
5,40.3
6,38.6
7,44.5
8,32.1
9,41.4
10,27.6
11,24.9
12,n/a
13,65.4
14,26.2
15,23.7
16,53.5
17,33.9
18,-
19,65.2
20,45.9
21,36.7
22,29.9
23,41.9
24,45.0
25,49.0
26,-12.0
27,31.8
28,53.2
29,38.1
30,32.0
31,51.0
32,26.4
33,20.4
34,0
35,36.4
36,99.7
37,98.0
38,29.6
39,63.5
40,49.7
41,50.7
42,  
43,57.7
44,44.2
45,56.5
46,38.0
47,31.3
48,31.0
49,23.1
50,30.3
51,30.7
52,63.7
53,?
54,50.7
55,75.9
56,33.5
57,14.8
58,53.7
59,10.7
60,59.4
