n,tiempo_s,operario,producto,turno
1,44.9,A,X,mañana
2,63.3,B,X,mañana
3,59.3,A,Y,mañana
4,77.4,B,Y,mañana
5,60.9,A,X,mañana
6,66.5,B,X,mañana
7,79.9,A,Y,mañana
8,98.8,B,Y,mañana
9,39.8,A,X,mañana
10,50.4,B,X,mañana
11,88.4,A,Y,mañana
12,79.2,B,Y,mañana
13,52.7,A,X,mañana
14,42.7,B,X,mañana
15,64.2,A,Y,mañana
16,80.0,B,Y,mañana
17,58.6,A,X,mañana
18,56.0,B,X,mañana
19,60.9,A,Y,mañana
20,84.7,B,Y,mañana
21,47.0,A,X,mañana
22,41.1,B,X,mañana
23,96.2,A,Y,mañana
24,74.6,B,Y,mañana
25,49.4,A,X,mañana
26,59.7,B,X,mañana
27,71.1,A,Y,mañana
28,72.7,B,Y,mañana
29,35.3,A,X,mañana
30,61.8,B,X,mañana
31,85.2,A,Y,mañana
32,86.4,B,Y,mañana
33,47.9,A,X,mañana
34,70.3,B,X,mañana
35,69.3,A,Y,mañana
36,79.7,B,Y,mañana
37,44.9,A,X,mañana
38,92.2,B,X,mañana
39,74.9,A,Y,mañana
40,71.3,B,Y,mañana
41,46.4,A,X,tarde
42,30.6,B,X,tarde
43,60.6,A,Y,tarde
44,92.8,B,Y,tarde
45,68.8,A,X,tarde
46,45.4,B,X,tarde
47,73.6,A,Y,tarde
48,94.1,B,Y,tarde
49,50.0,A,X,tarde
50,62.6,B,X,tarde
51,73.2,A,Y,tarde
52,103.6,B,Y,tarde
53,46.9,A,X,tarde
54,49.7,B,X,tarde
55,70.7,A,Y,tarde
56,89.7,B,Y,tarde
57,59.5,A,X,tarde
58,54.6,B,X,tarde
59,72.3,A,Y,tarde
60,74.3,B,Y,tarde
61,45.9,A,X,tarde
62,51.4,B,X,tarde
63,69.9,A,Y,tarde
64,79.7,B,Y,tarde
65,41.8,A,X,tarde
66,70.1,B,X,tarde
67,52.7,A,Y,tarde
68,84.4,B,Y,tarde
69,45.9,A,X,tarde
70,70.6,B,X,tarde
71,65.6,A,Y,tarde
72,82.9,B,Y,tarde
73,32.5,A,X,tarde
74,62.6,B,X,tarde
75,76.7,A,Y,tarde
76,97.8,B,Y,tarde
77,49.6,A,X,tarde
78,93.4,B,X,tarde
79,74.0,A,Y,tarde
80,71.7,B,Y,tarde
81,43.5,A,X,mañana
82,46.3,B,X,mañana
83,62.0,A,Y,mañana
84,96.1,B,Y,mañana
85,53.8,A,X,mañana
86,58.2,B,X,mañana
87,64.7,A,Y,mañana
88,80.4,B,Y,mañana
89,43.7,A,X,mañana
90,73.0,B,X,mañana
91,59.9,A,Y,mañana
92,76.6,B,Y,mañana
93,49.3,A,X,mañana
94,46.9,B,X,mañana
95,68.9,A,Y,mañana
96,80.0,B,Y,mañana
97,71.4,A,X,mañana
98,85.1,B,X,mañana
99,76.1,A,Y,mañana
100,86.7,B,Y,mañana
101,49.6,A,X,mañana
102,48.7,B,X,mañana
103,85.3,A,Y,mañana
104,97.4,B,Y,mañana
105,36.8,A,X,mañana
106,63.8,B,X,mañana
107,72.6,A,Y,mañana
108,69.3,B,Y,mañana
109,54.3,A,X,mañana
110,59.9,B,X,mañana
111,75.9,A,Y,mañana
112,92.0,B,Y,mañana
113,59.2,A,X,mañana
114,87.7,B,X,mañana
115,68.4,A,Y,mañana
116,81.2,B,Y,mañana
117,56.1,A,X,mañana
118,75.7,B,X,mañana
119,72.6,A,Y,mañana
120,90.5,B,Y,mañana
121,44.3,A,X,tarde
122,86.2,B,X,tarde
123,52.2,A,Y,tarde
124,98.9,B,Y,tarde
125,57.4,A,X,tarde
126,59.3,B,X,tarde
127,62.6,A,Y,tarde
128,87.9,B,Y,tarde
129,56.2,A,X,tarde
130,57.1,B,X,tarde
131,70.1,A,Y,tarde
132,85.3,B,Y,tarde
133,49.7,A,X,tarde
134,82.5,B,X,tarde
135,75.7,A,Y,tarde
136,79.7,B,Y,tarde
137,56.7,A,X,tarde
138,69.5,B,X,tarde
139,58.7,A,Y,tarde
140,85.9,B,Y,tarde
141,39.7,A,X,tarde
142,85.4,B,X,tarde
143,93.6,A,Y,tarde
144,96.1,B,Y,tarde
145,46.8,A,X,tarde
146,52.0,B,X,tarde
147,60.9,A,Y,tarde
148,73.1,B,Y,tarde
149,45.7,A,X,tarde
150,74.0,B,X,tarde
151,60.0,A,Y,tarde
152,63.6,B,Y,tarde
153,40.4,A,X,tarde
154,41.8,B,X,tarde
155,85.4,A,Y,tarde
156,121.6,B,Y,tarde
157,67.2,A,X,tarde
158,56.6,B,X,tarde
159,69.0,A,Y,tarde
160,95.6,B,Y,tarde
