n,tiempo_s
1,56.6
2,53.0
3,70.8
4,71.5
5,51.5
6,56.4
7,64.3
8,48.1
9,55.4
10,53.8
11,240.0
12,64.8
13,64.4
14,56.1
15,61.8
16,56.9
17,50.8
18,62.0
19,53.4
20,51.5
21,58.9
22,58.5
23,63.2
24,53.9
25,64.7
26,54.4
27,51.2
28,65.3
29,58.9
30,66.9
31,66.0
32,66.1
33,63.5
34,61.3
35,62.1
36,69.0
37,58.3
38,66.7
39,68.0
40,58.1
41,300.0
42,59.8
43,63.0
44,64.0
45,67.7
46,62.8
47,63.4
48,69.0
49,56.6
50,71.5
51,51.2
52,64.0
53,65.6
54,58.8
55,47.6
56,68.6
57,62.6
58,62.1
59,60.8
60,59.3
61,63.1
62,57.3
63,56.3
64,53.6
65,58.9
66,62.9
67,54.5
68,58.6
69,58.2
70,60.2
71,5.0
72,60.2
73,65.9
74,64.8
75,69.1
76,49.8
77,52.3
78,66.9
79,61.3
80,63.5
