racks,production,throughput_per_h,avg_wip,max_wip,selective_utilization,selective_starved_s,selective_blocked_s,operator_utilization,operator_idle_s,operator_assembly_s,operator_inspection_s,operator_load_unload_s,operator_walking_s,operator_transporting_s,trips,distance_walked_m (derived from trace),avg_input_buffer,max_input_buffer,time_input_buffer_empty_s (derived),time_input_buffer_full_s (derived),invariant_checks
1,122,15.25,1.413,2,0.0847,26360.0,0.0,0.9151,2440.0,14760.0,7320.0,1225.0,2033.3,1021.7,122,3670.0,0.0,1,28800.0,0.0,858
2,133,16.625,2.35,3,0.0931,20245.8,5874.2,0.998,0.0,16138.3,7980.0,1340.0,2225.0,1116.7,134,4010.1,0.0,1,28800.0,0.0,939
3,123,15.375,2.911,3,0.0868,4057.5,22242.5,1.0,0.0,15011.7,7380.0,1250.0,4116.7,1041.7,125,6190.0,0.0,1,28800.0,0.0,874
4,123,15.375,2.911,3,0.0868,4057.5,22242.5,1.0,0.0,15011.7,7380.0,1250.0,4116.7,1041.7,125,6190.0,0.0,1,28800.0,0.0,874
5,123,15.375,2.911,3,0.0868,4057.5,22242.5,1.0,0.0,15011.7,7380.0,1250.0,4116.7,1041.7,125,6190.0,0.0,1,28800.0,0.0,874
6,123,15.375,2.911,3,0.0868,4057.5,22242.5,1.0,0.0,15011.7,7380.0,1250.0,4116.7,1041.7,125,6190.0,0.0,1,28800.0,0.0,874
7,123,15.375,2.911,3,0.0868,4057.5,22242.5,1.0,0.0,15011.7,7380.0,1250.0,4116.7,1041.7,125,6190.0,0.0,1,28800.0,0.0,874
8,123,15.375,2.911,3,0.0868,4057.5,22242.5,1.0,0.0,15011.7,7380.0,1250.0,4116.7,1041.7,125,6190.0,0.0,1,28800.0,0.0,874
9,123,15.375,2.911,3,0.0868,4057.5,22242.5,1.0,0.0,15011.7,7380.0,1250.0,4116.7,1041.7,125,6190.0,0.0,1,28800.0,0.0,874
10,123,15.375,2.911,3,0.0868,4057.5,22242.5,1.0,0.0,15011.7,7380.0,1250.0,4116.7,1041.7,125,6190.0,0.0,1,28800.0,0.0,874
